year,age_name,cases,age,period,cohort,log_cases
1990,15-19 years,11841.34787522673,17.5,1990,1972.5,9.379437189051623
1991,15-19 years,11778.895254162477,17.5,1991,1973.5,9.374149565329244
1992,15-19 years,11714.367345195098,17.5,1992,1974.5,9.368656707274447
1993,15-19 years,11671.48727987182,17.5,1993,1975.5,9.364989837092674
1994,15-19 years,11671.820602733014,17.5,1994,1976.5,9.365018392968903
1995,15-19 years,11745.994767091312,17.5,1995,1977.5,9.37135272235612
1996,15-19 years,11876.643718484744,17.5,1996,1978.5,9.382413233049732
1997,15-19 years,12032.727049668443,17.5,1997,1979.5,9.395468573926626
1998,15-19 years,12216.41158721456,17.5,1998,1980.5,9.410617392548824
1999,15-19 years,12429.964928361627,17.5,1999,1981.5,9.427945810483063
2000,15-19 years,12681.874231942807,17.5,2000,1982.5,9.448007876747885
2001,15-19 years,12989.386036617749,17.5,2001,1983.5,9.471964827207504
2002,15-19 years,13330.642292203738,17.5,2002,1984.5,9.497895608299883
2003,15-19 years,13663.726018469397,17.5,2003,1985.5,9.522573048286992
2004,15-19 years,13944.616165507165,17.5,2004,1986.5,9.542920484492912
2005,15-19 years,14126.566593361456,17.5,2005,1987.5,9.555883245232861
2006,15-19 years,14170.195411614575,17.5,2006,1988.5,9.558966691272847
2007,15-19 years,14110.46800057635,17.5,2007,1989.5,9.554743079164114
2008,15-19 years,14002.44934501992,17.5,2008,1990.5,9.547058960037525
2009,15-19 years,13891.365762942118,17.5,2009,1991.5,9.539094742551491
2010,15-19 years,13819.171921981851,17.5,2010,1992.5,9.5338845373298
2011,15-19 years,13791.838370367854,17.5,2011,1993.5,9.531904777770643
2012,15-19 years,13782.670075750386,17.5,2012,1994.5,9.531239842615912
2013,15-19 years,13794.403594121128,17.5,2013,1995.5,9.532090742774429
2014,15-19 years,13834.916489394063,17.5,2014,1996.5,9.53502313429109
2015,15-19 years,13916.434889253096,17.5,2015,1997.5,9.540897641710316
2016,15-19 years,13980.728147709196,17.5,2016,1998.5,9.545506623863973
2017,15-19 years,13998.23290754282,17.5,2017,1999.5,9.546757814777871
2018,15-19 years,14026.589617030926,17.5,2018,2000.5,9.548781356272046
2019,15-19 years,14133.355301210511,17.5,2019,2001.5,9.55636365898568
2020,15-19 years,14287.318755368577,17.5,2020,2002.5,9.567197612173743
2021,15-19 years,15520.459788125909,17.5,2021,2003.5,9.649978847827253
1990,20-24 years,11375.043554541477,22.5,1990,1967.5,9.339264980669789
1991,20-24 years,11437.159584059558,22.5,1991,1968.5,9.344710376472666
1992,20-24 years,11484.854876586916,22.5,1992,1969.5,9.34887154653569
1993,20-24 years,11517.974489088536,22.5,1993,1970.5,9.351750910242965
1994,20-24 years,11531.75539251935,22.5,1994,1971.5,9.352946560646933
1995,20-24 years,11551.742243352348,22.5,1995,1972.5,9.354678111436272
1996,20-24 years,11565.213538463167,22.5,1996,1973.5,9.355843501150462
1997,20-24 years,11559.860619405214,22.5,1997,1974.5,9.355380587500685
1998,20-24 years,11573.899735838662,22.5,1998,1975.5,9.35659421678635
1999,20-24 years,11642.9742139626,22.5,1999,1976.5,9.362544090328761
2000,20-24 years,11781.71597699702,22.5,2000,1977.5,9.374388988950026
2001,20-24 years,11992.594189475498,22.5,2001,1978.5,9.392127968695117
2002,20-24 years,12264.24352965054,22.5,2002,1979.5,9.414524812153891
2003,20-24 years,12571.663104976147,22.5,2003,1980.5,9.439280141115768
2004,20-24 years,12893.096116933128,22.5,2004,1981.5,9.46452482023499
2005,20-24 years,13205.735988971312,22.5,2005,1982.5,9.488482280609372
2006,20-24 years,13479.910366909106,22.5,2006,1983.5,9.509029916823112
2007,20-24 years,13695.169082653414,22.5,2007,1984.5,9.524871443709337
2008,20-24 years,13856.809874440683,22.5,2008,1985.5,9.536604242540657
2009,20-24 years,13967.917010596297,22.5,2009,1986.5,9.544589926740349
2010,20-24 years,14025.776022547954,22.5,2010,1987.5,9.548723354997403
2011,20-24 years,14011.278841415888,22.5,2011,1988.5,9.54768928430606
2012,20-24 years,13928.936609649423,22.5,2012,1989.5,9.541795516128136
2013,20-24 years,13829.734262810132,22.5,2013,1990.5,9.534648515282019
2014,20-24 years,13752.911488692413,22.5,2014,1991.5,9.52907853454516
2015,20-24 years,13733.947508652598,22.5,2015,1992.5,9.527698776800381
2016,20-24 years,13743.729124483549,22.5,2016,1993.5,9.52841069320134
2017,20-24 years,13736.26943811154,22.5,2017,1994.5,9.52786781517606
2018,20-24 years,13737.099291751623,22.5,2018,1995.5,9.527928222273667
2019,20-24 years,13785.528922556798,22.5,2019,1996.5,9.531447229353805
2020,20-24 years,13841.70534112792,22.5,2020,1997.5,9.535513682694226
2021,20-24 years,14951.017139655693,22.5,2021,1998.5,9.612601495446652
1990,25-29 years,11171.801169630877,27.5,1990,1962.5,9.32123763677733
1991,25-29 years,11551.94552469794,27.5,1991,1963.5,9.354695707220273
1992,25-29 years,11873.845214731622,27.5,1992,1964.5,9.382177594268976
1993,25-29 years,12101.106161385718,27.5,1993,1965.5,9.40113477936208
1994,25-29 years,12260.10493574048,27.5,1994,1966.5,9.414187330693478
1995,25-29 years,12391.326630120466,27.5,1995,1967.5,9.424832739893336
1996,25-29 years,12507.067156231207,27.5,1996,1968.5,9.434129087625616
1997,25-29 years,12596.71842634482,27.5,1997,1969.5,9.44127099926888
1998,25-29 years,12680.027903560209,27.5,1998,1970.5,9.447862289655175
1999,25-29 years,12764.31166133944,27.5,1999,1971.5,9.454486744680272
2000,25-29 years,12859.490709706231,27.5,2000,1972.5,9.461915154894585
2001,25-29 years,13004.164002091848,27.5,2001,1973.5,9.473101788498496
2002,25-29 years,13200.900760280902,27.5,2002,1974.5,9.488116095198867
2003,25-29 years,13418.912321748918,27.5,2003,1975.5,9.50449487710261
2004,25-29 years,13642.770188431256,27.5,2004,1976.5,9.521038299980622
2005,25-29 years,13847.997042969975,27.5,2005,1977.5,9.535968093323305
2006,25-29 years,14001.137305001565,27.5,2006,1978.5,9.546965261588303
2007,25-29 years,14125.63680942922,27.5,2007,1979.5,9.55581742961461
2008,25-29 years,14261.306965265509,27.5,2008,1980.5,9.565375459653884
2009,25-29 years,14430.663821521915,27.5,2009,1981.5,9.577179948067814
2010,25-29 years,14644.897588550128,27.5,2010,1982.5,9.591915547144712
2011,25-29 years,14877.489730859435,27.5,2011,1983.5,9.60767180665393
2012,25-29 years,15072.249112945234,27.5,2012,1984.5,9.620676869771765
2013,25-29 years,15223.19014812996,27.5,2013,1985.5,9.630640898922287
2014,25-29 years,15337.564006312963,27.5,2014,1986.5,9.638125459477722
2015,25-29 years,15433.137126330346,27.5,2015,1987.5,9.644337031669693
2016,25-29 years,15441.454235725176,27.5,2016,1988.5,9.644875764038073
2017,25-29 years,15342.062750619416,27.5,2017,1989.5,9.638418712790157
2018,25-29 years,15216.9305609922,27.5,2018,1990.5,9.630229653773778
2019,25-29 years,15143.312108667988,27.5,2019,1991.5,9.625380302071134
2020,25-29 years,15106.843474321053,27.5,2020,1992.5,9.622969323328654
2021,25-29 years,15679.633706391627,27.5,2021,1993.5,9.660181708036182
1990,30-34 years,10498.957945349992,32.5,1990,1957.5,9.25912653093283
1991,30-34 years,10657.87080123315,32.5,1991,1958.5,9.274147763519245
1992,30-34 years,10915.555170913383,32.5,1992,1959.5,9.298035738991686
1993,30-34 years,11306.313894169913,32.5,1993,1960.5,9.33320504259793
1994,30-34 years,11763.95744360556,32.5,1994,1961.5,9.3728806839518235
1995,30-34 years,12230.752419414865,32.5,1995,1962.5,9.411790507003051
1996,30-34 years,12639.60225061254,32.5,1996,1963.5,9.444669312975014
1997,30-34 years,12941.894930568316,32.5,1997,1964.5,9.468302262551829
1998,30-34 years,13128.48143737915,32.5,1998,1965.5,9.482615472029416
1999,30-34 years,13264.00547184808,32.5,1999,1966.5,9.492884679074438
2000,30-34 years,13409.873368254555,32.5,2000,1967.5,9.50382110228731
2001,30-34 years,13683.955248650134,32.5,2001,1968.5,9.524052351367141
2002,30-34 years,14090.790287373778,32.5,2002,1969.5,9.553347657670987
2003,30-34 years,14535.336140412106,32.5,2003,1970.5,9.584406734493014
2004,30-34 years,14906.071009698057,32.5,2004,1971.5,9.60959094377274
2005,30-34 years,15100.030950265322,32.5,2005,1972.5,9.622518295324403
2006,30-34 years,15090.70316775776,32.5,2006,1973.5,9.621900412706163
2007,30-34 years,14969.24442177697,32.5,2007,1974.5,9.613819804720395
2008,30-34 years,14832.643495738708,32.5,2008,1975.5,9.604653089092697
2009,30-34 years,14760.31670294332,32.5,2009,1976.5,9.599765301692194
2010,30-34 years,14791.059084012972,32.5,2010,1977.5,9.601845767381116
2011,30-34 years,14867.133492827676,32.5,2011,1978.5,9.606975509909772
2012,30-34 years,14940.339279356396,32.5,2012,1979.5,9.611887098534927
2013,30-34 years,15043.60260693251,32.5,2013,1980.5,9.618774575085025
2014,30-34 years,15205.725075158094,32.5,2014,1981.5,9.629493048142162
2015,30-34 years,15460.573741876116,32.5,2015,1982.5,9.646113111389957
2016,30-34 years,15756.060488202733,32.5,2016,1983.5,9.665043828769345
2017,30-34 years,16010.869904866366,32.5,2017,1984.5,9.681085595227245
2018,30-34 years,16232.573693973549,32.5,2018,1985.5,9.694836826903234
2019,30-34 years,16439.846275364598,32.5,2019,1986.5,9.707524143888982
2020,30-34 years,16597.75106663874,32.5,2020,1987.5,9.71708273456472
2021,30-34 years,17109.61281243608,32.5,2021,1988.5,9.747454182284374
1990,35-39 years,12173.592810410952,37.5,1990,1952.5,9.407106502661396
1991,35-39 years,12541.751713897824,37.5,1991,1953.5,9.436898225034673
1992,35-39 years,12817.038290920204,37.5,1992,1954.5,9.458608699336992
1993,35-39 years,12951.55427593526,37.5,1993,1955.5,9.469048289063121
1994,35-39 years,12993.774967334626,37.5,1994,1956.5,9.472302630060291
1995,35-39 years,13040.323750815092,37.5,1995,1957.5,9.475878344961442
1996,35-39 years,13171.836475591395,37.5,1996,1958.5,9.485912145548541
1997,35-39 years,13437.211143590324,37.5,1997,1959.5,9.50585750578338
1998,35-39 years,13880.938814674671,37.5,1998,1960.5,9.538343908360257
1999,35-39 years,14424.246694409803,37.5,1999,1961.5,9.576735193095562
2000,35-39 years,15013.096273683215,37.5,2000,1962.5,9.61674479037316
2001,35-39 years,15712.042214587264,37.5,2001,1963.5,9.662246360789162
2002,35-39 years,16524.988989471378,37.5,2002,1964.5,9.712689511006
2003,35-39 years,17281.735937289544,37.5,2003,1965.5,9.757463359529478
2004,35-39 years,17879.28617240685,37.5,2004,1966.5,9.791454053767593
2005,35-39 years,18215.7077423537,37.5,2005,1967.5,9.81009445977504
2006,35-39 years,18274.36669858342,37.5,2006,1968.5,9.813309350002628
2007,35-39 years,18155.006819522965,37.5,2007,1969.5,9.806756739183411
2008,35-39 years,17959.609035499143,37.5,2008,1970.5,9.795936251943774
2009,35-39 years,17757.98275878734,37.5,2009,1971.5,9.784646737810458
2010,35-39 years,17624.359703630555,37.5,2010,1972.5,9.777094036188842
2011,35-39 years,17497.42233836685,37.5,2011,1973.5,9.769866003754338
2012,35-39 years,17309.80913885237,37.5,2012,1974.5,9.759086391090056
2013,35-39 years,17142.833111255048,37.5,2013,1975.5,9.749393802578211
2014,35-39 years,17078.18471891811,37.5,2014,1976.5,9.745615733118882
2015,35-39 years,17173.3033342661,37.5,2015,1977.5,9.751169553488593
2016,35-39 years,17354.82604615759,37.5,2016,1978.5,9.76168352417601
2017,35-39 years,17556.602376212217,37.5,2017,1979.5,9.773242318926739
2018,35-39 years,17821.26623957603,37.5,2018,1980.5,9.788203866876929
2019,35-39 years,18187.90902447759,37.5,2019,1981.5,9.808567293049263
2020,35-39 years,18775.07650652401,37.5,2020,1982.5,9.840338812220258
2021,35-39 years,19895.56669729318,37.5,2021,1983.5,9.898302468053743
1990,40-44 years,15063.695243887709,42.5,1990,1947.5,9.620109221946423
1991,40-44 years,15822.854103662996,42.5,1991,1948.5,9.669273833879583
1992,40-44 years,16473.46726636842,42.5,1992,1949.5,9.709567022967372
1993,40-44 years,17225.239784914753,42.5,1993,1950.5,9.754189069193881
1994,40-44 years,17819.42713740284,42.5,1994,1951.5,9.788100670288761
1995,40-44 years,18643.577634448968,42.5,1995,1952.5,9.833310639336705
1996,40-44 years,18985.857887230355,42.5,1996,1953.5,9.851502328674812
1997,40-44 years,19138.93558126656,42.5,1997,1954.5,9.859532299341227
1998,40-44 years,19087.94044714372,42.5,1998,1955.5,9.856864412148731
1999,40-44 years,18972.79416224925,42.5,1999,1956.5,9.850814051482955
2000,40-44 years,18969.645371510094,42.5,2000,1957.5,9.850648082988753
2001,40-44 years,19341.29610903934,42.5,2001,1958.5,9.87004948528181
2002,40-44 years,20200.21883800462,42.5,2002,1959.5,9.913498220084081
2003,40-44 years,21518.72180644965,42.5,2003,1960.5,9.976725086982574
2004,40-44 years,23023.013438085087,42.5,2004,1961.5,10.044293012782516
2005,40-44 years,24343.503772344688,42.5,2005,1962.5,10.10006138526446
2006,40-44 years,25157.02622982366,42.5,2006,1963.5,10.132932259001965
2007,40-44 years,25447.140198468984,42.5,2007,1964.5,10.144397942627455
2008,40-44 years,25299.31817678784,42.5,2008,1965.5,10.138572250794155
2009,40-44 years,25007.893765349658,42.5,2009,1966.5,10.126986791200078
2010,40-44 years,24848.70770233912,42.5,2010,1967.5,10.120601268974273
2011,40-44 years,24810.56610145478,42.5,2011,1968.5,10.119065198492688
2012,40-44 years,24733.19160501705,42.5,2012,1969.5,10.115941840896767
2013,40-44 years,24670.56555809146,42.5,2013,1970.5,10.113406667505503
2014,40-44 years,24640.89501690644,42.5,2014,1971.5,10.112203322843847
2015,40-44 years,24682.71251527418,42.5,2015,1972.5,10.113898892771052
2016,40-44 years,24728.0125663149,42.5,2016,1973.5,10.11573243114227
2017,40-44 years,24712.13470490013,42.5,2017,1974.5,10.115090150705965
2018,40-44 years,24712.12574205402,42.5,2018,1975.5,10.115089788030495
2019,40-44 years,24825.69376058156,42.5,2019,1976.5,10.119674714605345
2020,40-44 years,25292.72525790731,42.5,2020,1977.5,10.138311630433721
2021,40-44 years,26664.968084298296,42.5,2021,1978.5,10.191143427805953
1990,45-49 years,21953.445236975826,47.5,1990,1942.5,9.996724914490548
1991,45-49 years,22555.736310227607,47.5,1991,1943.5,10.023789028046862
1992,45-49 years,23348.906866858197,47.5,1992,1944.5,10.058348274517705
1993,45-49 years,24046.722856242835,47.5,1993,1945.5,10.087795587319013
1994,45-49 years,25099.21376149617,47.5,1994,1946.5,10.13063164147788
1995,45-49 years,25723.62814182409,47.5,1995,1947.5,10.155204105469458
1996,45-49 years,26740.56135284611,47.5,1996,1948.5,10.193974239110087
1997,45-49 years,27491.706693330645,47.5,1997,1949.5,10.221676037328352
1998,45-49 years,28401.7320547,47.5,1998,1950.5,10.254240618631615
1999,45-49 years,29110.68719523209,47.5,1999,1951.5,10.278894994360407
2000,45-49 years,30329.599008978552,47.5,2000,1952.5,10.319912350206646
2001,45-49 years,31288.814344496022,47.5,2001,1953.5,10.351047903263925
2002,45-49 years,32503.198013268007,47.5,2002,1954.5,10.389124529615165
2003,45-49 years,33521.67277416115,47.5,2003,1955.5,10.419977288116536
2004,45-49 years,34154.5550934302,47.5,2004,1956.5,10.438680519220393
2005,45-49 years,34408.30577395337,47.5,2005,1957.5,10.44608232346314
2006,45-49 years,34502.27613060082,47.5,2006,1958.5,10.448809558818276
2007,45-49 years,34802.77706504334,47.5,2007,1959.5,10.457481196224743
2008,45-49 years,35525.32822190712,47.5,2008,1960.5,10.478029340638143
2009,45-49 years,36477.08322871694,47.5,2009,1961.5,10.50446689973538
2010,45-49 years,37598.10285001004,47.5,2010,1962.5,10.53473546872125
2011,45-49 years,38620.311993445,47.5,2011,1963.5,10.561559527270958
2012,45-49 years,39257.7605082514,47.5,2012,1964.5,10.577929895968119
2013,45-49 years,39532.17726358006,47.5,2013,1965.5,10.584895529068344
2014,45-49 years,39699.58573524072,47.5,2014,1966.5,10.589121220602733
2015,45-49 years,39989.95839654924,47.5,2015,1967.5,10.596408667458894
2016,45-49 years,40444.81721183171,47.5,2016,1968.5,10.607718510757424
2017,45-49 years,40905.372770935486,47.5,2017,1969.5,10.61904114336354
2018,45-49 years,41358.89906745268,47.5,2018,1970.5,10.63006706883728
2019,45-49 years,41739.94988455859,47.5,2019,1971.5,10.639237937549026
2020,45-49 years,41973.33664071647,47.5,2020,1972.5,10.644813678145256
2021,45-49 years,44387.31988015799,47.5,2021,1973.5,10.700731648050242
1990,50-54 years,31255.11625832263,52.5,1990,1937.5,10.34997035628016
1991,50-54 years,31756.62115115753,52.5,1991,1938.5,10.365888011773675
1992,50-54 years,32205.6899904244,52.5,1992,1939.5,10.379929473630392
1993,50-54 years,32681.852534395603,52.5,1993,1940.5,10.394605832018874
1994,50-54 years,33109.00634286607,52.5,1994,1941.5,10.407590822110771
1995,50-54 years,33469.07359243117,52.5,1995,1942.5,10.418406992960982
1996,50-54 years,34107.337275203514,52.5,1996,1943.5,10.43729712826161
1997,50-54 years,35085.09193891798,52.5,1997,1944.5,10.465560089873259
1998,50-54 years,35912.04538374477,52.5,1998,1945.5,10.488855889632232
1999,50-54 years,37370.33857116389,52.5,1999,1946.5,10.528659341243005
2000,50-54 years,38374.08579279315,52.5,2000,1947.5,10.555163720529817
2001,50-54 years,40537.631618206186,52.5,2001,1948.5,10.610010665568684
2002,50-54 years,43037.36493859373,52.5,2002,1949.5,10.66984720476911
2003,50-54 years,46201.45711842924,52.5,2003,1950.5,10.740788260037176
2004,50-54 years,48891.19754239437,52.5,2004,1951.5,10.797373103271761
2005,50-54 years,51759.19295587564,52.5,2005,1952.5,10.85437665706342
2006,50-54 years,52694.89690386731,52.5,2006,1953.5,10.872292873886767
2007,50-54 years,52710.66745846114,52.5,2007,1954.5,10.872592103924134
2008,50-54 years,51921.1910613408,52.5,2008,1955.5,10.857501551206745
2009,50-54 years,50924.47385134234,52.5,2009,1956.5,10.838118545938164
2010,50-54 years,50390.610830245896,52.5,2010,1957.5,10.82757998842399
2011,50-54 years,50512.20378654498,52.5,2011,1958.5,10.829990042208152
2012,50-54 years,51240.79171622536,52.5,2012,1959.5,10.844310722538783
2013,50-54 years,52777.36433992943,52.5,2013,1960.5,10.87385661942799
2014,50-54 years,54793.18990791518,52.5,2014,1961.5,10.91133944373702
2015,50-54 years,57025.0103362196,52.5,2015,1962.5,10.95126276442167
2016,50-54 years,59136.72206360031,52.5,2016,1963.5,10.98762427497104
2017,50-54 years,60868.17045151963,52.5,2017,1964.5,11.016482093195986
2018,50-54 years,62061.67897197849,52.5,2018,1965.5,11.035900104521192
2019,50-54 years,62920.237109759146,52.5,2019,1966.5,11.04963901860892
2020,50-54 years,63145.96090231505,52.5,2020,1967.5,11.053220001558278
2021,50-54 years,67266.19896680822,52.5,2021,1968.5,11.116428011484807
1990,55-59 years,40130.87255002411,57.5,1990,1932.5,10.599926124271102
1991,55-59 years,41053.99568385948,57.5,1991,1933.5,10.622667805012192
1992,55-59 years,41966.73966787188,57.5,1992,1934.5,10.644656498977234
1993,55-59 years,42735.61256616381,57.5,1993,1935.5,10.662811268974172
1994,55-59 years,43324.12064035263,57.5,1994,1936.5,10.676487899123556
1995,55-59 years,43835.64551834061,57.5,1995,1937.5,10.688225402233154
1996,55-59 years,44152.15230399149,57.5,1996,1938.5,10.695419603347164
1997,55-59 years,44372.82626987242,57.5,1997,1939.5,10.700405076171506
1998,55-59 years,44696.85496880421,57.5,1998,1940.5,10.707680792175161
1999,55-59 years,45093.948675980224,57.5,1999,1941.5,10.71652551646811
2000,55-59 years,45640.75317478239,57.5,2000,1942.5,10.728578216357931
2001,55-59 years,47314.945793836254,57.5,2001,1943.5,10.764602638044806
2002,55-59 years,50529.55733865553,57.5,2002,1944.5,10.830333528081756
2003,55-59 years,53979.74205275114,57.5,2003,1945.5,10.896382633286533
2004,55-59 years,58382.03744103082,57.5,2004,1946.5,10.97478067184929
2005,55-59 years,61170.36485760342,57.5,2005,1947.5,11.021434464520032
2006,55-59 years,63962.49795144618,57.5,2006,1948.5,11.066067855124857
2007,55-59 years,65578.8460748574,57.5,2007,1949.5,11.091023703260438
2008,55-59 years,67319.27050353204,57.5,2008,1950.5,11.117216666471537
2009,55-59 years,68391.69648745857,57.5,2009,1951.5,11.133021321410482
2010,55-59 years,70674.53580158656,57.5,2010,1952.5,11.165854763736967
2011,55-59 years,71691.32586408503,57.5,2011,1953.5,11.180138989675157
2012,55-59 years,72142.53188264246,57.5,2012,1954.5,11.186412911987153
2013,55-59 years,71938.96463146934,57.5,2013,1955.5,11.183587225610202
2014,55-59 years,71515.21388443318,57.5,2014,1956.5,11.17767947058866
2015,55-59 years,71492.71082948404,57.5,2015,1957.5,11.177364764386557
2016,55-59 years,72267.00583064831,57.5,2016,1958.5,11.18813679057473
2017,55-59 years,73965.21935906421,57.5,2017,1959.5,11.211363772812895
2018,55-59 years,76807.51191914122,57.5,2018,1960.5,11.249070745274805
2019,55-59 years,80227.68886631,57.5,2019,1961.5,11.29263644642683
2020,55-59 years,82401.47909708344,57.5,2020,1962.5,11.319370801574639
2021,55-59 years,88220.19338277332,57.5,2021,1963.5,11.387602500916941
1990,60-64 years,98430.70849141027,62.5,1990,1927.5,11.497118271898305
1991,60-64 years,101080.47418872578,62.5,1991,1928.5,11.523682145771776
1992,60-64 years,103289.75908991172,62.5,1992,1929.5,11.545303194086964
1993,60-64 years,105115.29279017642,62.5,1993,1930.5,11.562822566640858
1994,60-64 years,106903.27412562708,62.5,1994,1931.5,11.579689078679968
1995,60-64 years,108449.30774027896,62.5,1995,1932.5,11.59404735387459
1996,60-64 years,110107.427558463,62.5,1996,1933.5,11.609220864363246
1997,60-64 years,111840.75395232538,62.5,1997,1934.5,11.62484024003713
1998,60-64 years,113281.71656675207,62.5,1998,1935.5,11.637641889631816
1999,60-64 years,114372.3091595808,62.5,1999,1936.5,11.647223019164336
2000,60-64 years,115527.22439059555,62.5,2000,1937.5,11.657270146109372
2001,60-64 years,116493.53477208049,62.5,2001,1938.5,11.665599639059863
2002,60-64 years,117563.54926754384,62.5,2002,1939.5,11.674742817194334
2003,60-64 years,119156.51921331584,62.5,2003,1940.5,11.688201587655447
2004,60-64 years,120767.4997359524,62.5,2004,1941.5,11.701630766702838
2005,60-64 years,122341.0158105388,62.5,2005,1942.5,11.714575809778177
2006,60-64 years,125103.24099688088,62.5,2006,1943.5,11.736902596734746
2007,60-64 years,129594.5233154589,62.5,2007,1944.5,11.772173519984722
2008,60-64 years,133260.10904056692,62.5,2008,1945.5,11.800065708463459
2009,60-64 years,139457.50777442745,62.5,2009,1946.5,11.84552240069214
2010,60-64 years,143101.8806975763,62.5,2010,1947.5,11.871319096002834
2011,60-64 years,148687.21751209215,62.5,2011,1948.5,11.909606892671952
2012,60-64 years,152389.96550844217,62.5,2012,1949.5,11.934204639036802
2013,60-64 years,157114.00035495943,62.5,2013,1950.5,11.964733302530579
2014,60-64 years,160512.3820024175,62.5,2014,1951.5,11.986132595038645
2015,60-64 years,166543.4818762184,62.5,2015,1952.5,12.023017711137907
2016,60-64 years,169270.62483199575,62.5,2016,1953.5,12.039259951191811
2017,60-64 years,170716.93694571996,62.5,2017,1954.5,12.047767982030276
2018,60-64 years,170442.13836024769,62.5,2018,1955.5,12.046157020729046
2019,60-64 years,169412.6062723153,62.5,2019,1956.5,12.040098378354248
2020,60-64 years,166731.4087341218,62.5,2020,1957.5,12.024145463365052
2021,60-64 years,171512.76456722288,62.5,2021,1958.5,12.05241880223467
1990,65-69 years,256580.2427696039,67.5,1990,1922.5,12.455200629386596
1991,65-69 years,264334.0045267298,67.5,1991,1923.5,12.48497253422421
1992,65-69 years,272144.05105816136,67.5,1992,1924.5,12.51409047908617
1993,65-69 years,280463.871141468,67.5,1993,1925.5,12.544203759529827
1994,65-69 years,288626.9402345166,67.5,1994,1926.5,12.572893733645243
1995,65-69 years,296381.0183421936,67.5,1995,1927.5,12.599404503702065
1996,65-69 years,304013.6306951477,67.5,1996,1928.5,12.624831106516949
1997,65-69 years,311245.44484062993,67.5,1997,1929.5,12.648340304497042
1998,65-69 years,317774.46809182904,67.5,1998,1930.5,12.669100337190907
1999,65-69 years,324553.7815660609,67.5,1999,1931.5,12.690209619263458
2000,65-69 years,330138.7328353424,67.5,2000,1932.5,12.70727127665465
2001,65-69 years,333358.2800069404,67.5,2001,1933.5,12.716976106287609
2002,65-69 years,333298.71214786416,67.5,2002,1934.5,12.716797400652686
2003,65-69 years,330894.4960482095,67.5,2003,1935.5,12.709557882599812
2004,65-69 years,328104.82231014525,67.5,2004,1936.5,12.701091464327083
2005,65-69 years,328451.0132326027,67.5,2005,1937.5,12.702146027796742
2006,65-69 years,330896.12785850285,67.5,2006,1938.5,12.709562814085098
2007,65-69 years,334099.3804411886,67.5,2007,1939.5,12.719196767048745
2008,65-69 years,339151.78808241826,67.5,2008,1940.5,12.734205987134828
2009,65-69 years,344279.5765325087,67.5,2009,1941.5,12.749212233365554
2010,65-69 years,349464.94871345034,67.5,2010,1942.5,12.764161407335711
2011,65-69 years,358022.02898346714,67.5,2011,1943.5,12.78835259008342
2012,65-69 years,371821.0505963641,67.5,2012,1944.5,12.826170660193378
2013,65-69 years,383136.2561004312,67.5,2013,1945.5,12.85614857498263
2014,65-69 years,402602.26385706186,67.5,2014,1946.5,12.905706899102462
2015,65-69 years,414138.4616043746,67.5,2015,1947.5,12.93395805986027
2016,65-69 years,431698.0612495166,67.5,2016,1948.5,12.97548400699758
2017,65-69 years,443689.7146778832,67.5,2017,1949.5,13.002883010120494
2018,65-69 years,459286.741521492,67.5,2018,1950.5,13.037432180476966
2019,65-69 years,471426.43191319774,67.5,2019,1951.5,13.063520460224652
2020,65-69 years,487350.5554887921,67.5,2020,1952.5,13.096741021488572
2021,65-69 years,506503.966835317,67.5,2021,1953.5,13.135289408812957
1990,70-74 years,322090.3459760009,72.5,1990,1917.5,12.68259046745137
1991,70-74 years,333648.1732865463,72.5,1991,1918.5,12.717845340542219
1992,70-74 years,346184.61558722507,72.5,1992,1919.5,12.75473037143073
1993,70-74 years,359172.63354321674,72.5,1993,1920.5,12.791561209439907
1994,70-74 years,373144.6925375719,72.5,1994,1921.5,12.829724218978427
1995,70-74 years,386608.40561396175,72.5,1995,1922.5,12.86517017451878
1996,70-74 years,400088.9559284301,72.5,1996,1923.5,12.89944469062727
1997,70-74 years,415025.6624905441,72.5,1997,1924.5,12.936098044114255
1998,70-74 years,431189.4222919452,72.5,1998,1925.5,12.974305086576866
1999,70-74 years,446624.0468851588,72.5,1999,1926.5,13.009474700302272
2000,70-74 years,460143.2752939001,72.5,2000,1927.5,13.039295361233187
2001,70-74 years,468079.1567746272,72.5,2001,1928.5,13.056394835393329
2002,70-74 years,469103.3179788893,72.5,2002,1929.5,13.058580449089554
2003,70-74 years,466447.74058398535,72.5,2003,1930.5,13.052903412383287
2004,70-74 years,465426.4741693202,72.5,2004,1931.5,13.050711561561554
2005,70-74 years,468398.0167694388,72.5,2005,1932.5,13.057075811577619
2006,70-74 years,476584.47080445074,72.5,2006,1933.5,13.074402358088626
2007,70-74 years,486177.1027427227,72.5,2007,1934.5,13.094330302298978
2008,70-74 years,495144.52651480347,72.5,2008,1935.5,13.112606991302565
2009,70-74 years,502874.8436945645,72.5,2009,1936.5,13.128098586992794
2010,70-74 years,510915.8038833741,72.5,2010,1937.5,13.143962045526433
2011,70-74 years,517579.2853847892,72.5,2011,1938.5,13.156919932928737
2012,70-74 years,523542.5846340519,72.5,2012,1939.5,13.168375562052626
2013,70-74 years,531736.650544639,72.5,2013,1940.5,13.183905508617226
2014,70-74 years,540236.537167274,72.5,2014,1941.5,13.19976420546311
2015,70-74 years,550030.0640811981,72.5,2015,1942.5,13.217730035761344
2016,70-74 years,565717.9594230867,72.5,2016,1943.5,13.24585269574769
2017,70-74 years,589444.0996436398,72.5,2017,1944.5,13.286936864247155
2018,70-74 years,608968.3365477115,72.5,2018,1945.5,13.319523194928037
2019,70-74 years,643264.2353702732,72.5,2019,1946.5,13.374312414854215
2020,70-74 years,659503.7189599953,72.5,2020,1947.5,13.399244406474022
2021,70-74 years,705202.4991559931,72.5,2021,1948.5,13.466241691427735
1990,75-79 years,290393.11271945655,77.5,1990,1912.5,12.578994288722651
1991,75-79 years,297324.8384618271,77.5,1991,1913.5,12.602583915609387
1992,75-79 years,304572.351728323,77.5,1992,1914.5,12.626667229497624
1993,75-79 years,312497.7686423926,77.5,1993,1915.5,12.652355807806487
1994,75-79 years,320228.2919523305,77.5,1994,1916.5,12.676792555536618
1995,75-79 years,330850.9844361916,77.5,1995,1917.5,12.709426377415845
1996,75-79 years,344822.081584219,77.5,1996,1918.5,12.750786757480753
1997,75-79 years,361084.7977744434,77.5,1997,1919.5,12.796870876041917
1998,75-79 years,378238.0034608514,77.5,1998,1920.5,12.8432815590822
1999,75-79 years,395918.3412942359,77.5,1999,1921.5,12.888965785889882
2000,75-79 years,411468.4511113218,77.5,2000,1922.5,12.927490058460922
2001,75-79 years,421567.5853593152,77.5,2001,1923.5,12.951737760528216
2002,75-79 years,426896.9978331468,77.5,2002,1924.5,12.964300382721344
2003,75-79 years,430794.5267664656,77.5,2003,1925.5,12.973388840660009
2004,75-79 years,435021.41610001336,77.5,2004,1926.5,12.983152840007529
2005,75-79 years,443116.3440965829,77.5,2005,1927.5,13.001589899045277
2006,75-79 years,455367.0304224473,77.5,2006,1928.5,13.028861229055002
2007,75-79 years,468345.19748124847,77.5,2007,1929.5,13.056963039636129
2008,75-79 years,481059.3445777861,77.5,2008,1930.5,13.083747997721563
2009,75-79 years,494920.4966146192,77.5,2009,1931.5,13.112154436275937
2010,75-79 years,507798.2681522927,77.5,2010,1932.5,13.137841507039177
2011,75-79 years,520223.8927194312,77.5,2011,1933.5,13.162016483061402
2012,75-79 years,532132.0085138793,77.5,2012,1934.5,13.184648753078521
2013,75-79 years,542582.5859883634,77.5,2013,1935.5,13.20409742808292
2014,75-79 years,551837.4335448878,77.5,2014,1936.5,13.221010589562855
2015,75-79 years,562760.6265125326,77.5,2015,1937.5,13.240611418728875
2016,75-79 years,573289.0423135738,77.5,2016,1938.5,13.25914704967808
2017,75-79 years,583003.8691195485,77.5,2017,1939.5,13.275950817132314
2018,75-79 years,595430.2763303071,77.5,2018,1940.5,13.297041256130933
2019,75-79 years,608951.1694688322,77.5,2019,1941.5,13.319495004147603
2020,75-79 years,618756.2265872778,77.5,2020,1942.5,13.335468272129809
2021,75-79 years,662382.0985842749,77.5,2021,1943.5,13.403599366305373
1990,80-84 years,214039.5397063618,82.5,1990,1907.5,12.273920713943095
1991,80-84 years,221261.2902452403,82.5,1991,1908.5,12.30710411045841
1992,80-84 years,228730.35881944804,82.5,1992,1909.5,12.340303488317474
1993,80-84 years,236724.59148147845,82.5,1993,1910.5,12.374656907450241
1994,80-84 years,244981.7462508869,82.5,1994,1911.5,12.408943063581248
1995,80-84 years,252804.50347345584,82.5,1995,1912.5,12.440375711086926
1996,80-84 years,260395.97642657944,82.5,1996,1913.5,12.469962577984084
1997,80-84 years,269185.51545736287,82.5,1997,1914.5,12.50315978432932
1998,80-84 years,278845.0075123313,82.5,1998,1915.5,12.538414964025874
1999,80-84 years,287936.50283400895,82.5,1999,1916.5,12.570498731520718
2000,80-84 years,299091.7683385976,82.5,2000,1917.5,12.60850906625352
2001,80-84 years,309701.32676629786,82.5,2001,1918.5,12.643366878901421
2002,80-84 years,317648.455705266,82.5,2002,1919.5,12.668703713188618
2003,80-84 years,323998.4880943636,82.5,2003,1920.5,12.68849721481755
2004,80-84 years,330824.5341139843,82.5,2004,1921.5,12.709346428130944
2005,80-84 years,339757.27361346985,82.5,2005,1922.5,12.735989683780076
2006,80-84 years,351408.6299192381,82.5,2006,1923.5,12.769707858796856
2007,80-84 years,365046.0645870468,82.5,2007,1924.5,12.807781568326156
2008,80-84 years,380205.08240223496,82.5,2008,1925.5,12.848468706810223
2009,80-84 years,395288.9148541436,82.5,2009,1926.5,12.887374736321185
2010,80-84 years,409912.3586889248,82.5,2010,1927.5,12.9237010960783
2011,80-84 years,423748.89347215183,82.5,2011,1928.5,12.956898686283614
2012,80-84 years,436834.4650979069,82.5,2012,1929.5,12.987311893106574
2013,80-84 years,449380.0560598102,82.5,2013,1930.5,13.015626483994868
2014,80-84 years,462845.7562623256,82.5,2014,1931.5,13.045151298287427
2015,80-84 years,477222.1478001922,82.5,2015,1932.5,13.075739475573855
2016,80-84 years,493751.74176121806,82.5,2016,1933.5,13.109790148116163
2017,80-84 years,511042.52774417785,82.5,2017,1934.5,13.14421004705356
2018,80-84 years,527626.1798964891,82.5,2018,1935.5,13.176145214602423
2019,80-84 years,543184.7693642528,82.5,2019,1936.5,13.205206657100415
2020,80-84 years,553916.7364899165,82.5,2020,1937.5,13.224771464613273
2021,80-84 years,591264.155789666,82.5,2021,1938.5,13.290019851930643
1990,85-89 years,116225.51237430112,87.5,1990,1902.5,11.663296258943912
1991,85-89 years,123457.7570775041,87.5,1991,1903.5,11.723662428486746
1992,85-89 years,130696.90247413795,87.5,1992,1904.5,11.780643851083674
1993,85-89 years,136867.1973727395,87.5,1993,1905.5,11.826773678757943
1994,85-89 years,142790.0844865582,87.5,1994,1906.5,11.869137893371045
1995,85-89 years,148446.6767662257,87.5,1995,1907.5,11.907987830128222
1996,85-89 years,154309.29394962362,87.5,1996,1908.5,11.946720749992629
1997,85-89 years,160652.0030185905,87.5,1997,1909.5,11.987002057295472
1998,85-89 years,167355.19450177206,87.5,1998,1910.5,12.02787972120254
1999,85-89 years,174246.08764927555,87.5,1999,1911.5,12.068229614849097
2000,85-89 years,180745.8895067545,87.5,2000,1912.5,12.104852931058302
2001,85-89 years,185710.34499268263,87.5,2001,1913.5,12.131948838596296
2002,85-89 years,189733.88887711475,87.5,2002,1914.5,12.153383055075428
2003,85-89 years,193232.09157233432,87.5,2003,1915.5,12.171652467523867
2004,85-89 years,196399.93278726615,87.5,2004,1916.5,12.187913424317223
2005,85-89 years,202886.52234986564,87.5,2005,1917.5,12.220407027372229
2006,85-89 years,212683.69272980443,87.5,2006,1918.5,12.26756603211909
2007,85-89 years,223670.64547327903,87.5,2007,1919.5,12.317934386978106
2008,85-89 years,234744.17031206825,87.5,2008,1920.5,12.366255823108359
2009,85-89 years,246315.47416554185,87.5,2009,1921.5,12.414372468455426
2010,85-89 years,258108.90071337103,87.5,2010,1922.5,12.461140744960794
2011,85-89 years,269465.66111006914,87.5,2011,1923.5,12.50419995522277
2012,85-89 years,281486.9658917826,87.5,2012,1924.5,12.547844975707696
2013,85-89 years,293921.7225583898,87.5,2013,1925.5,12.591072163329262
2014,85-89 years,305225.4213289691,87.5,2014,1926.5,12.628809145185954
2015,85-89 years,316994.7314014578,87.5,2015,1927.5,12.666643587158212
2016,85-89 years,331018.0960912628,87.5,2016,1928.5,12.709931344813693
2017,85-89 years,346239.94481968164,87.5,2017,1929.5,12.754890183996388
2018,85-89 years,362389.0898050279,87.5,2018,1930.5,12.800476506764436
2019,85-89 years,379983.91056740686,87.5,2019,1931.5,12.847886821881005
2020,85-89 years,393860.9763242518,87.5,2020,1932.5,12.883755813007985
2021,85-89 years,428037.6902354532,87.5,2021,1933.5,12.96696886822469
1990,90-94 years,34212.385963262495,92.5,1990,1897.5,10.440372248907321
1991,90-94 years,36680.57081244458,92.5,1991,1898.5,10.510029750220202
1992,90-94 years,39261.65482207725,92.5,1992,1899.5,10.578029087094835
1993,90-94 years,42285.9221181614,92.5,1993,1900.5,10.65223314744812
1994,90-94 years,45557.970432083785,92.5,1994,1901.5,10.726762819239136
1995,90-94 years,48860.105818747004,92.5,1995,1902.5,10.796736976949134
1996,90-94 years,52222.38488908023,92.5,1996,1903.5,10.863285659935638
1997,90-94 years,55779.01853557523,92.5,1997,1904.5,10.929170993479296
1998,90-94 years,59050.75394601558,92.5,1998,1905.5,10.986169523911158
1999,90-94 years,62371.67879138624,92.5,1999,1906.5,11.04088261859602
2000,90-94 years,65664.30592482048,92.5,2000,1907.5,11.092325996880264
2001,90-94 years,68850.10634745487,92.5,2001,1908.5,11.13970157298129
2002,90-94 years,71915.98407161697,92.5,2002,1909.5,11.183267733778143
2003,90-94 years,74783.96988236863,92.5,2003,1910.5,11.222372206370455
2004,90-94 years,77385.94636945533,92.5,2004,1911.5,11.25657339379712
2005,90-94 years,79964.26515683981,92.5,2005,1912.5,11.289347633830682
2006,90-94 years,82677.82352994669,92.5,2006,1913.5,11.32271878449692
2007,90-94 years,85741.64480465197,92.5,2007,1914.5,11.359105586476447
2008,90-94 years,89115.90518697255,92.5,2008,1915.5,11.39770432820011
2009,90-94 years,93034.76912662663,92.5,2009,1916.5,11.440739312455088
2010,90-94 years,98638.8752921131,92.5,2010,1917.5,11.499230873564445
2011,90-94 years,105198.51147346012,92.5,2011,1918.5,11.563613935486563
2012,90-94 years,112035.5140309718,92.5,2012,1919.5,11.626580115278545
2013,90-94 years,118319.92425924438,92.5,2013,1920.5,11.681155908875844
2014,90-94 years,123735.46413437756,92.5,2014,1921.5,11.725909293716125
2015,90-94 years,129288.95378852752,92.5,2015,1922.5,11.76981286482358
2016,90-94 years,135942.57497873026,92.5,2016,1923.5,11.819995188765299
2017,90-94 years,143870.26452499753,92.5,2017,1924.5,11.876674182350884
2018,90-94 years,152935.9072414805,92.5,2018,1925.5,11.937780744355566
2019,90-94 years,162104.00434961542,92.5,2019,1926.5,11.995999579237463
2020,90-94 years,169314.75534148034,92.5,2020,1927.5,12.039520625465684
2021,90-94 years,185011.6053819996,92.5,2021,1928.5,12.128179238939227
1990,95+ years,7271.670653569797,97.5,1990,1892.5,8.891878855693191
1991,95+ years,7636.15878933582,97.5,1991,1893.5,8.940780926781152
1992,95+ years,8077.088212986806,97.5,1992,1894.5,8.996910516215603
1993,95+ years,8551.185073984518,97.5,1993,1895.5,9.053942093488551
1994,95+ years,9066.61314099836,97.5,1994,1896.5,9.112464348718955
1995,95+ years,9683.047231180435,97.5,1995,1897.5,9.178235195284845
1996,95+ years,10411.055643985112,97.5,1996,1898.5,9.250719610316956
1997,95+ years,11187.101436661642,97.5,1997,1899.5,9.322606120839708
1998,95+ years,12120.685215794572,97.5,1998,1900.5,9.402751294165029
1999,95+ years,13214.428352283874,97.5,1999,1901.5,9.48914024060946
2000,95+ years,14461.559360069308,97.5,2000,1902.5,9.579318475906252
2001,95+ years,15812.597549226815,97.5,2001,1903.5,9.66862545328888
2002,95+ years,17248.79440328468,97.5,2002,1904.5,9.755555503738314
2003,95+ years,18627.43671313284,97.5,2003,1905.5,9.832444547736248
2004,95+ years,19947.042648946397,97.5,2004,1906.5,9.900886304669864
2005,95+ years,21220.509130481983,97.5,2005,1907.5,9.962770527946539
2006,95+ years,22497.976891690905,97.5,2006,1908.5,10.021225115678249
2007,95+ years,23726.652411376457,97.5,2007,1909.5,10.074396415390463
2008,95+ years,24977.797933126894,97.5,2008,1910.5,10.125782661349847
2009,95+ years,26434.31997835812,97.5,2009,1911.5,10.18245627294122
2010,95+ years,28044.848180386885,97.5,2010,1912.5,10.241595885036078
2011,95+ years,29685.8942939126,97.5,2011,1913.5,10.298460957837493
2012,95+ years,31416.4420631266,97.5,2012,1914.5,10.355118497392002
2013,95+ years,32920.37762589439,97.5,2013,1915.5,10.40187750160358
2014,95+ years,33986.052117616906,97.5,2014,1916.5,10.43373491099783
2015,95+ years,35504.86941083823,97.5,2015,1917.5,10.477453297313668
2016,95+ years,37623.73947665576,97.5,2016,1918.5,10.53541707781872
2017,95+ years,40154.85748851237,97.5,2017,1919.5,10.60052359885882
2018,95+ years,42950.316113764784,97.5,2018,1920.5,10.667822569871083
2019,95+ years,45892.86982011584,97.5,2019,1921.5,10.734086832012055
2020,95+ years,48502.70511732621,97.5,2020,1922.5,10.789395468179363
2021,95+ years,53526.6121111846,97.5,2021,1923.5,10.887952913970707
