SNP,cluster,cluster_class,cluster_mean,probability,wald_ratio
rs114904431,1,1,0.215,0.986,0.42661632845681924
rs11525583,2,Null,0.011,0.608,-0.10920770877944325
rs1246642,1,1,0.215,0.901,0.255659121171771
rs1512281,2,Null,0.011,0.874,-0.00516795865633075
rs2273500,1,1,0.215,0.822,0.1932418162618796
rs2395191,1,1,0.215,0.745,0.22467532467532467
rs34944514,2,Null,0.011,0.81,-0.003931847968545216
rs3822479,2,Null,0.011,0.992,-0.002324500232450023
rs4488938,1,1,0.215,0.808,0.28038277511961723
rs9788721,1,1,0.215,0.999,0.19767441860465115
