tissue,quant,n_traits,best_trait,best_variant,pos,p_raw,p_beta,beta
eqtl_extended\artery_aorta,exon,1,ENSG00000106366.9_7_101127104_101127244,chr7_101715417_G_C,101715417.0,9.13852e-05,0.223215,0.198185
eqtl_extended\artery_aorta,leafcutter,3,7:101135816:101137001:clu_42773_+,chr7_101733983_CGGCCG_C,101733983.0,2.22543e-05,0.0626411,0.303117
eqtl_extended\artery_aorta,tx,1,ENST00000223095,chr7_100500272_C_T,100500272.0,0.000805519,0.654569,0.28253
eqtl_extended\artery_aorta,txrev,0,,,,,,
eqtl_extended\artery_coronary,exon,1,ENSG00000106366.9_7_101130421_101130654,chr7_101038481_A_G,101038481.0,0.000447214,0.650187,0.229341
eqtl_extended\artery_coronary,leafcutter,3,7:101137084:101137405:clu_42774_+,chr7_101824223_T_G,101824223.0,2.96772e-05,0.0980631,0.408314
eqtl_extended\artery_coronary,tx,1,ENST00000223095,chr7_101520550_G_A,101520550.0,0.000179176,0.247764,0.341283
eqtl_extended\artery_coronary,txrev,0,,,,,,
eqtl_extended\heart_AA,exon,1,ENSG00000106366.9_7_101130421_101130654,chr7_101986969_C_T,101986969.0,0.000146105,0.489151,-0.138375
eqtl_extended\heart_AA,leafcutter,2,7:101128664:101130421:clu_40729_+,chr7_100296336_GGT_G,100296336.0,1.33318e-05,0.0612337,1.27573
eqtl_extended\heart_AA,tx,1,ENST00000223095,chr7_100981362_T_G,100981362.0,0.00153037,0.845887,0.518236
eqtl_extended\heart_AA,txrev,0,,,,,,
eqtl_extended\heart_LV,exon,1,ENSG00000106366.9_7_101127104_101127244,chr7_101213448_G_A,101213448.0,0.000454653,0.871361,0.472014
eqtl_extended\heart_LV,leafcutter,2,7:101128664:101130421:clu_40729_+,chr7_101066728_G_T,101066728.0,0.000474941,0.73814,1.09159
eqtl_extended\heart_LV,tx,1,ENST00000223095,chr7_100340319_A_G,100340319.0,0.000540802,0.519905,-0.313432
eqtl_extended\heart_LV,txrev,0,,,,,,
eqtl_extended\lung,exon,1,ENSG00000106366.9_7_101130421_101130654,chr7_101776083_T_C,101776083.0,0.000661276,0.845801,0.649331
eqtl_extended\lung,leafcutter,3,7:101128688:101130421:clu_52437_+,chr7_100942928_G_A,100942928.0,0.000210433,0.479795,0.394999
eqtl_extended\lung,tx,1,ENST00000223095,chr7_100673284_C_CG,100673284.0,0.000209852,0.298281,-0.229575
eqtl_extended\lung,txrev,0,,,,,,
