Scenario,SNP,Chr,Pos,EA,OA,EAF,Beta_exposure,SE_exposure,P_exposure,F_statistic,Beta_outcome,SE_outcome,P_outcome
standard,1:98074066,1,98074066,T,C,0.031823033015964,0.2119,0.0368,8.903e-09,33.1563164579395,0.0904,0.0235,0.0001242
standard,4:7850903,4,7850903,G,A,0.174750818638781,0.1045,0.0183,1.119e-08,32.6084684523276,0.0293,0.0191,0.1257
standard,4:89864446,4,89864446,T,C,0.714509183701916,0.0751,0.0127,3.821e-09,34.9681319362639,0.0192,0.0094,0.0416
standard,8:11252425,8,11252425,A,C,0.467060158298466,0.0763,0.0136,1.922e-08,31.4754000865052,-0.0003,0.0087,0.9755
standard,15:78802869,15,78802869,T,C,0.660708799161043,-0.1548,0.012,4.413e-38,166.41,-0.0306,0.0082,0.0001833
standard,20:61986949,20,61986949,C,T,0.154550152657706,0.0947,0.0157,1.767e-09,36.3831798450241,0.0183,0.0117,0.1186
relaxed_clump,1:98074066,1,98074066,T,C,0.031823033015964,0.2119,0.0368,8.903e-09,33.1563164579395,0.0904,0.0235,0.0001242
relaxed_clump,4:7850903,4,7850903,G,A,0.174750818638781,0.1045,0.0183,1.119e-08,32.6084684523276,0.0293,0.0191,0.1257
relaxed_clump,4:89864446,4,89864446,T,C,0.714509183701916,0.0751,0.0127,3.821e-09,34.9681319362639,0.0192,0.0094,0.0416
relaxed_clump,8:11252425,8,11252425,A,C,0.467060158298466,0.0763,0.0136,1.922e-08,31.4754000865052,-0.0003,0.0087,0.9755
relaxed_clump,15:78802869,15,78802869,T,C,0.660708799161043,-0.1548,0.012,4.413e-38,166.41,-0.0306,0.0082,0.0001833
relaxed_clump,20:61986949,20,61986949,C,T,0.154550152657706,0.0947,0.0157,1.767e-09,36.3831798450241,0.0183,0.0117,0.1186
relaxed_pvalue,1:4697300,1,4697300,T,C,0.411233084302656,0.0598,0.0121,7.306e-07,24.4248343692371,-0.006,0.0084,0.4755
relaxed_pvalue,1:8503379,1,8503379,A,C,0.609604346694376,0.0608,0.0132,4.526e-06,21.2157943067034,0.0195,0.008,0.01459
relaxed_pvalue,1:78259756,1,78259756,A,G,0.0852932487301197,0.115,0.0235,1.036e-06,23.947487550928,0.0203,0.0158,0.1991
relaxed_pvalue,1:98074066,1,98074066,T,C,0.031823033015964,0.2119,0.0368,8.903e-09,33.1563164579395,0.0904,0.0235,0.0001242
relaxed_pvalue,1:218519367,1,218519367,C,T,0.293746293288912,0.0659,0.0125,1.441e-07,27.793984,0.0114,0.013,0.3782
relaxed_pvalue,2:7113895,2,7113895,G,A,0.151180832741767,0.0726,0.0158,4.266e-06,21.1134433584361,0.004,0.0112,0.7188
relaxed_pvalue,2:203863736,2,203863736,T,C,0.0904679005180043,-0.0911,0.0197,3.771e-06,21.3847561132727,0.0262,0.0119,0.02728
relaxed_pvalue,2:220412282,2,220412282,G,T,0.0189573725385559,-0.2391,0.0478,5.631e-07,25.0209248787661,-0.0229,0.0312,0.4626
relaxed_pvalue,2:240757918,2,240757918,T,C,0.265323250046782,0.064,0.0131,9.594e-07,23.8680729561214,-0.0188,0.0094,0.04498
relaxed_pvalue,2:241267437,2,241267437,T,C,0.0139791837615784,0.2628,0.0565,3.266e-06,21.6348468948234,0.0031,0.0387,0.9363
relaxed_pvalue,3:25564603,3,25564603,A,G,0.171260328660484,-0.0853,0.0157,5.852e-08,29.5188040082762,-0.0054,0.0125,0.6681
relaxed_pvalue,3:162317881,3,162317881,A,G,0.0221564752566092,0.2014,0.0379,1.109e-07,28.2384277469525,0.0201,0.0251,0.4228
relaxed_pvalue,3:163185136,3,163185136,T,C,0.0290432911015776,0.206,0.0395,1.783e-07,27.1982054157987,-0.0119,0.046,0.7967
relaxed_pvalue,4:7850903,4,7850903,G,A,0.174750818638781,0.1045,0.0183,1.119e-08,32.6084684523276,0.0293,0.0191,0.1257
relaxed_pvalue,4:89864446,4,89864446,T,C,0.714509183701916,0.0751,0.0127,3.821e-09,34.9681319362639,0.0192,0.0094,0.0416
relaxed_pvalue,4:112422145,4,112422145,A,G,0.164114897570227,-0.0913,0.0174,1.599e-07,27.5323358435725,-0.0281,0.0112,0.01171
relaxed_pvalue,4:140900251,4,140900251,A,G,0.315222429283172,-0.0574,0.0122,2.378e-06,22.1362536952432,-0.0262,0.0083,0.001677
relaxed_pvalue,5:29708441,5,29708441,G,A,0.114024797931722,0.0912,0.0196,3.188e-06,21.6509787588505,0.0063,0.0189,0.74
relaxed_pvalue,5:120100784,5,120100784,G,A,0.353794997084934,0.055,0.0119,3.733e-06,21.3614857707789,0.0143,0.008,0.07486
relaxed_pvalue,5:131813219,5,131813219,T,A,0.514654501107455,0.0551,0.0117,2.464e-06,22.1784644605157,0.0003,0.0078,0.9715
relaxed_pvalue,5:141645563,5,141645563,A,G,0.0299251671754586,0.1825,0.0395,3.883e-06,21.3467393045986,-0.0204,0.0268,0.4469
relaxed_pvalue,6:31940897,6,31940897,G,A,0.121154707252254,0.1093,0.0201,5.639e-08,29.5697878765377,0.0096,0.0142,0.5018
relaxed_pvalue,6:47069544,6,47069544,T,C,0.0106817948078071,0.3167,0.0641,7.825e-07,24.4106906865978,0.0227,0.0449,0.6122
relaxed_pvalue,6:142561244,6,142561244,C,T,0.430753166970213,-0.0668,0.0126,1.295e-07,28.1068279163517,0.0014,0.0087,0.8762
relaxed_pvalue,7:32291761,7,32291761,C,T,0.404225326592858,0.0564,0.0117,1.555e-06,23.2373438527285,0.0095,0.0081,0.2411
relaxed_pvalue,7:119878307,7,119878307,T,C,0.0416634141776227,0.161,0.0321,5.378e-07,25.1560058617444,-0.053,0.0303,0.0804
relaxed_pvalue,8:8500724,8,8500724,T,C,0.548698825504952,-0.0663,0.013,3.149e-07,26.01,0.0024,0.0081,0.7646
relaxed_pvalue,8:9087299,8,9087299,G,A,0.364176417211509,-0.0624,0.0126,7.564e-07,24.5260770975057,-0.0015,0.0082,0.8541
relaxed_pvalue,8:9647868,8,9647868,T,C,0.423840712587019,0.0619,0.0116,9.646e-08,28.4751040428062,0.0033,0.0083,0.6884
relaxed_pvalue,8:10283602,8,10283602,A,C,0.383599452136841,-0.0673,0.0126,8.725e-08,28.5291635172588,0.0008,0.0082,0.926
relaxed_pvalue,8:11252425,8,11252425,A,C,0.467060158298466,0.0763,0.0136,1.922e-08,31.4754000865052,-0.0003,0.0087,0.9755
relaxed_pvalue,8:27453579,8,27453579,G,A,0.153693917774514,-0.0875,0.018,1.142e-06,23.6304012345679,-0.0176,0.0108,0.1047
relaxed_pvalue,10:81061666,10,81061666,C,A,0.0132579744228082,0.2826,0.0561,4.774e-07,25.3757327919014,0.0234,0.0328,0.4762
relaxed_pvalue,11:1400174,11,1400174,G,A,0.234333286198834,-0.0645,0.0141,4.755e-06,20.9257582616569,-0.0126,0.0113,0.2642
relaxed_pvalue,11:17412960,11,17412960,G,A,0.63959618351158,0.0576,0.0118,1.087e-06,23.8276357368572,-0.006,0.0084,0.4721
relaxed_pvalue,11:30901989,11,30901989,G,A,0.165214636736559,0.0816,0.0177,4.302e-06,21.2536627405918,0.0315,0.0114,0.005669
relaxed_pvalue,11:47567564,11,47567564,A,G,0.0279965964735842,0.2101,0.0413,3.661e-07,25.8792688003095,0.0627,0.0355,0.07702
relaxed_pvalue,11:113236199,11,113236199,G,A,0.399012296293618,-0.058,0.0125,3.392e-06,21.5296,-0.0166,0.0079,0.03555
relaxed_pvalue,12:117564074,12,117564074,A,C,0.823210768836343,0.0728,0.0157,3.677e-06,21.5012373727129,-0.0015,0.012,0.9026
relaxed_pvalue,13:96875910,13,96875910,T,G,0.118373911695688,-0.1149,0.0237,1.252e-06,23.5040858836725,-0.0204,0.0179,0.2522
relaxed_pvalue,14:34087862,14,34087862,C,T,0.166830862410724,0.0819,0.0179,4.825e-06,20.934458974439,0.0061,0.0166,0.7128
relaxed_pvalue,14:79545145,14,79545145,A,G,0.118303623486947,0.081,0.0176,4.062e-06,21.1809142561983,0.0038,0.0116,0.7452
relaxed_pvalue,15:67450305,15,67450305,G,A,0.191999471814292,0.0686,0.0145,2.219e-06,22.3826872770511,-0.0211,0.0092,0.02187
relaxed_pvalue,15:78802869,15,78802869,T,C,0.660708799161043,-0.1548,0.012,4.413e-38,166.41,-0.0306,0.0082,0.0001833
relaxed_pvalue,17:38359520,17,38359520,C,G,0.32321268284722,0.0578,0.0121,1.791e-06,22.8183867222184,0.0347,0.0086,5.019e-05
relaxed_pvalue,19:45411941,19,45411941,C,T,0.147807073691188,-0.0737,0.016,4.341e-06,21.2175390625,-0.0227,0.0112,0.0418
relaxed_pvalue,19:46294136,19,46294136,A,G,0.247109235745027,-0.0601,0.0131,4.429e-06,21.0477827632422,-0.004,0.0089,0.6566
relaxed_pvalue,20:61986949,20,61986949,C,T,0.154550152657706,0.0947,0.0157,1.767e-09,36.3831798450241,0.0183,0.0117,0.1186
relaxed_pvalue,22:31437943,22,31437943,A,G,0.191317595428815,0.1058,0.02,1.18e-07,27.9841,0.0233,0.0161,0.1484
