analysis,item,estimate_beta,ci95_or_se,pval,nsnp,condF_or_PP,dataset_ids,note,date
MVMR (COPD+Smoking+BMI+SBP -> HF),COPD,0.0998,OR 1.105 (1.060-1.152),2.48e-06,835,condF=1.68 (weak),GCST90018807,"联合835 SNP；调整后COPD效应仍显著，但条件F<10提示弱工具偏倚风险，解读需谨慎",2026-07-26
MVMR (COPD+Smoking+BMI+SBP -> HF),Smoking status,0.0673,OR 1.070 (0.902-1.269),0.440,835,condF=4.18,GCST90029014,"GSCAN smoking initiation(ieu-b-4877)无可下载全量文件，以Loh PR 2018 UKB Smoking status(N=468170)替代",2026-07-26
MVMR (COPD+Smoking+BMI+SBP -> HF),BMI,0.4379,OR 1.549 (1.469-1.634),1.98e-51,835,condF=15.87,GCST90029007,"Loh PR 2018（ieu-b-40 Yengo无可下载文件；EBI托管最大BMI）",2026-07-26
MVMR (COPD+Smoking+BMI+SBP -> HF),SBP,0.2522,OR 1.287 (1.147-1.443),1.84e-05,835,condF=7.54,GCST90029011,"Surendran GCST90000066/62的EBI harmonised文件仅241749变异（覆盖不足），以Loh PR 2018 SBP(N=469767)替代",2026-07-26
MVMR (COPD+FEV1+FEV1FVC+CPD -> HF),COPD,0.1485,OR 1.160 (1.109-1.213),1.59e-10,608,condF=2.07 (weak),GCST90018807,"肺功能/吸烟强度调整后COPD效应增强",2026-07-26
MVMR (COPD+FEV1+FEV1FVC+CPD -> HF),FEV1,-0.1085,OR 0.897 (0.830-0.970),0.00675,608,condF=11.07,GCST007432,"Shrine 2019；FEV1越高HF风险越低（保护性）",2026-07-26
MVMR (COPD+FEV1+FEV1FVC+CPD -> HF),FEV1/FVC,0.1776,OR 1.194 (1.118-1.276),1.69e-07,608,condF=8.02,GCST007431,"Shrine 2019",2026-07-26
MVMR (COPD+FEV1+FEV1FVC+CPD -> HF),Cigarettes per day,-0.0070,OR 0.993 (0.959-1.029),0.697,608,condF=1.22 (very weak),GCST009968,"GSCAN CPD(ieu-b-25)无可下载文件，以Buchwald 2020(N=4772)替代；工具极弱，CPD系数不可解释",2026-07-26
Mediation (two-step, Sobel; Bonferroni a=0.0125),CRP indirect,0.00602,SE 0.00138; prop 4.4%,1.24e-05,a=9/b=274,PASS Bonferroni,a:GCST90018807->GCST90029070; b:GCST90029070->GCST009541,"a=0.0468(p=7.2e-12), b=0.1286(p=1.4e-8)；唯一通过Bonferroni的中介",2026-07-26
Mediation (two-step, Sobel),IL-6 indirect,-0.00302,SE 0.00367; prop -2.2%,0.411,a=10/b=1,NS,a:->GCST90012005(SCALLOP N=21758); b单工具(IL6R位点)Wald,"a=0.0451(p=0.317), b=-0.0670(p=0.149)；b路径仅1工具，证据弱",2026-07-26
Mediation (two-step, Sobel),SERPINE1(blood eQTL) indirect,-0.00722,SE 0.00833; prop -5.2%,0.386,a=3/b=1,NS,a:->eqtl-a-ENSG00000106366; b cis单工具Wald,"prot-c-2925_9_1 pQTL含<3个COPD工具，按预案改用eQTLGen全血SERPINE1 eQTL(N=31684)；阴性",2026-07-26
Mediation (two-step, Sobel),TGFB1 indirect,-0.00058,SE 0.00194; prop -0.4%,0.764,a=10/b=9,NS,a:->prot-a-2962(INTERVAL N=3301); b:->GCST009541,"a=0.0790(p=0.333), b=-0.0074(p=0.752)；阴性",2026-07-26
Chained mediation COPD->IL-6->SERPINE1->HF,chain indirect,NA,NA,NA,NA,not identifiable,,"IL-6唯一工具位于IL6R位点(chr1)，不在SERPINE1 cis窗口(chr7)内，链式a2路径(IL-6->SERPINE1)不可识别；如实记录，不强行估计",2026-07-26
