location_name,ASPR_1990,ASPR_2021,cases_1990,cases_2021
Afghanistan,13.96057367338,13.20661921598,780.9919478221187,1231.0748118474792
Albania,18.81240965462,10.0780166143,339.7921031200198,447.67690392055
Algeria,9.36976941446,11.18163840186,1019.9704683624876,3574.0973659861907
American Samoa,41.61435169972,29.74666879364,6.5099878195809895,10.98498905277987
Andorra,29.91300993568,31.052584003160003,16.172063086305094,49.54961979287487
Angola,50.99920174548,30.883308852600003,1629.5816039820252,3048.9358044960527
Antigua and Barbuda,4.00613353357,5.11770582093,2.3874072460418443,4.859570591385503
Argentina,12.72397299287,16.69725190071,3865.2852350576673,9620.14023883345
Armenia,19.38701950099,9.98960374188,470.6170752247456,426.0066935542549
Australia,30.46526257139,51.33313428708,6182.442589971857,25311.861007070493
Austria,12.87159357721,21.24484513614,1605.596689682607,4077.772996543209
Azerbaijan,9.30949775778,5.80640525873,408.5608890720154,477.1587716995185
Bahamas,4.5949398953200005,5.23326195009,6.274884839851843,17.94030715436172
Bahrain,20.66691707213,22.77001731456,32.52540850947133,167.37880049021177
Bangladesh,54.39582420299,40.36247439621,21514.30833825548,49634.79533249423
Barbados,6.46174279486,9.03017869106,21.352024458400933,47.89477575539837
Belarus,18.22506905232,4.6133710361,2258.9476608724467,738.5198505372655
Belgium,22.07089787923,28.09453785359,3499.549209716971,6999.012396625592
Belize,13.98104263749,18.45889813562,12.95091507472222,47.223715971368506
Benin,49.80080803513,36.22430220766,969.7412355671312,1813.7022434540056
Bermuda,8.36256577074,13.84885267571,4.91020183889989,20.496844140254925
Bhutan,59.751538271920005,54.2146844109,99.39689056808976,292.90443514860823
Bolivia (Plurinational State of),21.52103197651,21.49870436201,557.5779152197202,1600.3657750222787
Bosnia and Herzegovina,15.159565950409998,9.56395545919,523.3487313782614,612.6298436929852
Botswana,61.76650654919,49.23362615619,300.5265393115561,637.4225305976693
Brazil,28.832140845180003,30.89007463846,20993.1827658798,73794.85261732685
Brunei Darussalam,12.56007981979,9.93711684561,10.439751450540792,23.8618878502396
Bulgaria,7.663486578360001,3.32439637966,888.3887948263882,484.1584333219705
Burkina Faso,51.31097017361999,41.98418163064,1969.4788829615725,3684.5666868420567
Burundi,62.40259498052001,52.510845154280005,1327.2000790360846,2276.1871255586943
Cabo Verde,39.61033143244,26.191395846280003,94.00812399444746,113.71854051518824
Cambodia,23.65974929956,23.69153529192,737.1822098087092,2156.838873995915
Cameroon,46.50346711512,33.56335926252,1869.5348795701416,3994.0362879052327
Canada,29.13100117057,55.37404764156,9806.890849434709,43426.76046862789
Central African Republic,53.98126587706,45.79355339008,474.6589200884297,783.5035367696671
Chad,57.59228013612,44.68340078406,1541.7741020452947,2478.010115083485
Chile,14.58460069193,17.778885817869998,1365.8705008907282,4620.455278272734
China,109.63549232523,76.89054004683,692699.9866919144,1511247.9244923254
Colombia,25.879863305,37.95182721799,3944.1526784435687,21447.490453698472
Comoros,52.61446927442999,37.87063712834,91.50242169530172,168.02415764380825
Congo,36.05527510001,27.56248319619,316.64553355335624,612.7749760070196
Cook Islands,15.79148899341,12.78001733675,1.5646423857968652,3.1531628894324224
Costa Rica,22.274736721030003,28.82345211548,365.3911801440783,1593.121739579554
Croatia,6.704175337620001,9.16904024063,380.5525196625048,882.428116598247
Cuba,14.16836539185,25.182394382290003,1457.5490223230263,5061.088509876355
Cyprus,12.00332685769,15.89323844777,88.15276866490348,333.7388169928273
Czechia,8.968455433719999,20.135938717010003,1214.0175988167382,4675.473153829075
Côte d'Ivoire,40.78193932405,32.42718783492,1444.804337690162,3352.674095262564
Democratic People's Republic of Korea,75.20740885378,65.04399054731,8725.88668689393,19064.542993338808
Democratic Republic of the Congo,48.60915813869,40.8379156356,6228.461179831499,12570.569758551646
Denmark,17.77338884581,50.61494207585999,1491.131698204861,6558.818645973327
Djibouti,46.8693539309,33.37470586848,55.5401073498984,179.53798639609832
Dominica,7.911407019349999,8.775641073780001,4.822359033654194,6.872461872049477
Dominican Republic,11.65119058035,11.04870306658,361.61927285928726,1061.0468422188546
Ecuador,18.20076563842,15.93183814237,862.0993169221751,2442.746820823575
Egypt,12.1562802663,7.920204418229999,2726.17218160168,3917.229207403207
El Salvador,25.76848198448,21.45864881586,723.2619609941682,1453.4076386024146
Equatorial Guinea,56.73479949632,27.35492203343,89.73338490447392,127.0306504938023
Eritrea,55.70219087909,39.28680485568,490.6472975643562,907.3432580368998
Estonia,3.5356175430900003,3.3201827832200004,71.52510811716418,98.353711989892
Eswatini,56.90269807001,42.95950701786,144.90446668829213,207.03731639385504
Ethiopia,70.81179604364,48.890539913720005,11972.95123625064,20529.4335183323
Fiji,22.35163895076,15.77618809268,52.99944894197662,83.94667572723642
Finland,6.57213105586,12.96640849517,479.660312016493,1863.3563980221927
France,33.070336224479995,40.60186404634,29448.844302507176,65170.412011452194
Gabon,32.126358731619995,25.160046244000004,163.69959931802344,222.17282117678224
Gambia,51.75814129983,35.15785570912,170.44417252486974,336.2344106153399
Georgia,3.86207651097,4.32831401984,219.7430124648594,267.31527451566365
Germany,11.93875771396,25.89898972049,15649.134026034752,52333.929410124365
Ghana,34.62910695668,24.98671713181,1849.024208575519,3721.527441921516
Greece,8.1475737085,8.06420473223,1195.9173934909822,2292.2262326573937
Greenland,38.64702424408,41.79891030164,9.418762260092436,23.885464921791662
Grenada,7.415835833990001,7.99203518196,6.108869977512557,8.190917684259666
Guam,19.73869428739,15.72606264368,9.732826821685924,34.641727566357154
Guatemala,21.538773558480003,20.28199057525,561.7429734068129,2046.132445794686
Guinea,50.52909644985,41.3601678816,1553.4501477002402,2246.534379546687
Guinea-Bissau,44.51179915419,33.29699332175,154.67403213878103,219.58900939017897
Guyana,4.24729366104,5.63522065827,13.032253773689307,29.33318457410011
Haiti,14.65776930842,16.23697754461,350.39593174424857,847.6170976117602
Honduras,29.55239367688,26.645158995720003,534.9326298479941,1457.3534310884245
Hungary,10.74691646906,14.14919418398,1535.115097552673,2898.7302560960934
Iceland,7.431521318600001,15.00932976501,22.19058897929432,90.62163567819152
India,67.69397303440999,65.20816858171,209232.0278622828,629642.8008634907
Indonesia,28.5377794518,26.11190210723,20539.319987838982,45860.01184243192
Iran (Islamic Republic of),12.58501292995,15.50575181193,2936.651366954733,11144.714109516071
Iraq,6.07517312275,5.73688302816,492.1532604212892,1233.106156163089
Ireland,22.49280626861,35.76167781856,934.1075949640472,2981.8586643551994
Israel,9.7457221842,21.42837009777,455.78416616143386,2839.825647897459
Italy,13.683782820430002,19.5282798332,12272.744527913752,33315.7186215906
Jamaica,10.75366519143,14.02104566176,203.3919038106753,446.6657777206371
Japan,7.79185300773,7.86304106127,11976.755221018935,40365.81264787909
Jordan,12.13474147817,9.84093418531,149.74793166673234,667.9080993374862
Kazakhstan,18.87787938512,17.93333797887,2156.422404224699,2794.697048813605
Kenya,62.07715052778,46.569483249440005,4792.770807471631,9338.2864679998
Kiribati,49.42856592344,39.86667883137,12.229995579471364,17.970680918753406
Kuwait,3.94830168541,3.22821246815,21.24854452868886,77.87364387082646
Kyrgyzstan,43.60816663968,13.51322208567,1205.1844520043248,546.685485339422
Lao People's Democratic Republic,25.067171100210004,23.58747827966,376.8916036576047,827.3760135644675
Latvia,4.835292523030001,4.31799872598,172.94336885221665,191.0131271593598
Lebanon,18.42922972396,25.82618341796,357.61049907602813,1641.0622103388291
Lesotho,83.80412152598,65.84572136445,645.9075624247686,615.1269650656428
Liberia,38.57117267539,33.10341441063,415.19304123432505,682.1333917472102
Libya,14.45075296769,11.91760204633,263.08467709324503,565.9583194629488
Lithuania,11.9365956175,5.93345629382,532.9377825353038,359.38709630701464
Luxembourg,15.11101630213,29.454563596230003,82.46920198082812,323.2538160067245
Madagascar,51.11404279833,39.71286637948,2332.4268479414254,3824.2378971513135
Malawi,55.09142012086,43.18381550794,1870.474307779408,2888.718418835143
Malaysia,26.836789916550003,24.87817514649,2095.0744312633874,5935.591712445228
Maldives,47.19722659149,37.58414284924,28.49600966150367,101.6153430237938
Mali,57.26333677279,47.46217684698,1990.7202140920024,3932.9204019505264
Malta,10.57799092809,11.57620286713,43.40957073858736,127.59810372404831
Marshall Islands,33.2837598664,26.30041003753,4.166506552152673,5.380639228495839
Mauritania,37.99800406436,28.77319523071,356.99269762253675,598.3207663635457
Mauritius,12.74331240733,11.16043245892,71.64651837087582,185.54109156506803
Mexico,36.21623611008,31.74613734564,13035.05458192738,36255.42566732063
Micronesia (Federated States of),34.97260403354,24.19571465198,13.62630054228561,11.517023801813538
Monaco,10.55916377539,16.42974437611,8.399265349197991,18.231913556092792
Mongolia,13.13102759607,9.7945013317,129.46790202229698,167.02083336643304
Montenegro,3.33967326073,4.30497947987,19.407481123045365,41.92208752646821
Morocco,8.70108019104,9.7665794572,1188.64138483415,3029.100148663348
Mozambique,57.43410881569,42.7153446989,3000.2758757018964,4234.325830227271
Myanmar,46.76820255521,48.62528546855,7771.340522889512,18955.60265999884
Namibia,64.8513779236,52.7332817874,369.80359980713513,647.7374489710493
Nauru,28.20718584868,20.33463115213,0.7762859612939679,0.7702964218773748
Nepal,81.27890796535999,72.99301450845999,5434.609577572417,14038.757960881112
Netherlands,22.42828070135,48.934408798,4697.464791183137,18547.8924275844
New Zealand,28.74186334164,30.43816106599,1164.308298954187,2767.9899578675168
Nicaragua,18.56976004116,21.57401953091,251.5180523198404,938.6871451494954
Niger,54.99528695874,51.98912609974,1369.1731550869797,3999.5539279779855
Nigeria,46.36035054978,33.47795872602,19052.714572763634,29354.66053414455
Niue,28.6892148145,21.3170048618,0.7006968238761812,0.4251927544631407
North Macedonia,9.13872930059,7.50617560349,152.26095824323508,239.5700358779605
Northern Mariana Islands,54.0655186166,36.30246775796,5.651309703398434,12.75817478199567
Norway,12.19501506689,37.4813650446,888.359571137649,4069.942408995272
Oman,8.44119677597,6.73894465948,59.93650339683693,121.73977307328974
Pakistan,44.26799392703,39.60409267129,20026.438551851825,34268.65359081664
Palau,40.35066630243,38.30427734408,3.095108003665965,5.689427070360611
Palestine,10.23453701909,9.1025705232,86.03066503580746,214.7833666665805
Panama,21.74529251109,24.92998024786,298.3960231688362,1126.8966122908032
Papua New Guinea,92.32828760838,83.09089298606,1013.079961679203,2611.2315530086144
Paraguay,14.4423783126,16.49698192048,293.8382940852707,887.7711790035235
Peru,16.13836614065,18.71033177843,1786.0992401227672,6201.61965278499
Philippines,21.0356097461,17.66021891842,4496.291775155083,11344.434816714149
Poland,16.4328694284,16.45054562983,6991.522094219642,12593.034043621674
Portugal,19.91664562216,24.6844796999,2707.087327738562,7264.51518725523
Puerto Rico,21.67081036056,26.64242803108,776.3999185860075,2296.023698324309
Qatar,10.82528217675,13.20833401686,12.958567263172164,124.6504288428662
Republic of Korea,14.45841752954,18.44803024906,3011.5930305406687,16973.702894200618
Republic of Moldova,15.97955883105,5.3671945253,653.3734095639586,308.33401105159544
Romania,14.12215000675,6.88241526784,3665.576529371757,2604.174146580004
Russian Federation,11.70022218001,7.69690979047,19468.33922395284,18718.67811327344
Rwanda,61.62170686835,55.21326406327,1506.8860132253662,3060.1733249919403
Saint Kitts and Nevis,6.96378381215,10.26337698525,2.810600200689544,5.731211137077552
Saint Lucia,14.12968242123,18.09658416263,12.109295697848784,41.82271428917246
Saint Vincent and the Grenadines,4.5493999588,6.35838496624,3.2393605637156195,8.61929380014949
Samoa,39.85709831844,31.767716787900003,27.197576405819824,37.272226680645886
San Marino,12.38133574054,14.49253537649,4.634598816265315,12.72120130980255
Sao Tome and Principe,35.35582167883,24.6441122442,21.62492161643058,25.89371699415816
Saudi Arabia,13.51456378602,11.32739390974,721.6229654516501,1816.216996083671
Senegal,36.38082464527,27.75756634268,1102.283527545792,2058.301887086216
Serbia,7.523146111099999,7.33953551516,782.3105039364325,1262.0631192001729
Seychelles,10.31345018631,10.97911015767,5.8786298266320935,10.791092775744252
Sierra Leone,48.02211180875,38.13543366436,940.0278182789076,1390.5388908557832
Singapore,12.4847926128,7.86136150074,215.4172683078639,643.0214421770659
Slovakia,5.4953150096000005,6.892338233199999,322.1699803741283,672.389218479196
Slovenia,10.75116219845,13.03359270226,259.5782624084235,615.6900818839999
Solomon Islands,31.45885423486,25.77962200051,26.435520093641124,59.3206016748051
Somalia,71.51062430173,74.13996330406,1465.274970299438,3987.230462164018
South Africa,80.68350653828,67.67351620152,16111.611795833958,28563.289703727456
South Sudan,51.96211697599,43.09157765623,1234.54363729413,1467.3821667266589
Spain,27.11186770233,33.12337193426,15097.875163664876,38048.463213576506
Sri Lanka,35.637063019210004,38.24729531522,2993.600298564398,9240.205848505031
Sudan,12.16194074659,10.58872582612,1051.8381613473405,2041.3476152970848
Suriname,12.83522773112,13.89860676365,28.85248441505948,80.4244610271984
Sweden,19.52985443289,38.565172646810005,3166.546685633004,9464.930739138988
Switzerland,9.49738550118,16.98855587507,1039.203750649912,3244.2707294848988
Syrian Arab Republic,9.89040773104,11.47184475764,496.71246132329776,1311.1693734469145
Taiwan (Province of China),28.74078524845,33.28695434892,3465.427079271171,14686.092206239258
Tajikistan,16.48074990937,11.68308627684,448.2507202989335,600.9667594553486
Thailand,66.83847265709,41.10828179795,19510.35534264309,43993.18323699262
Timor-Leste,28.99242464023,24.57801227006,52.68050018133077,179.47623734593722
Togo,45.75238725817,35.97824133928,524.4192118751872,1230.8087823044823
Tokelau,28.245701402340003,23.66957319998,0.3393375321583124,0.3541851343290508
Tonga,49.4943378851,39.28630511544,22.21994452364166,29.6576094992905
Trinidad and Tobago,7.011954519520001,9.84743887237,54.64177673130437,185.94083445349983
Tunisia,10.19989941483,11.30036171344,471.9232453372329,1383.788940949299
Turkey,32.17112841516,36.19799022868,10104.103010302562,32172.28626427776
Turkmenistan,10.63369273847,3.96617686933,176.0759971164888,139.66393167439173
Tuvalu,30.39523556448,21.56470940369,1.422416101846623,1.782675767381119
Uganda,60.04785148382,42.5383215617,3547.905149022796,5794.784380597555
Ukraine,16.788853919810002,7.84313805712,11508.464378554248,6272.164371966941
United Arab Emirates,18.0614495795,20.50130390126,108.06794239154246,904.586552978672
United Kingdom,16.434364054419998,24.83558977348,16003.107678177152,36173.463974360086
United Republic of Tanzania,58.8478271587,41.80629121918,5742.340675133987,9864.881924388555
United States Virgin Islands,6.808995004800001,7.6513021085,4.73916772055232,15.010648319479396
United States of America,25.18730392146,39.44362300308,84956.58580722875,247349.6390768365
Uruguay,16.4345506821,25.01181825015,638.5849862632923,1471.9067828383509
Uzbekistan,9.93720147432,3.19580694921,1116.4669811750446,697.1933052037786
Vanuatu,39.87378416731,29.80138662848,16.537229613542635,35.49549400854779
Venezuela (Bolivarian Republic of),10.58967792795,15.31972472526,905.4671582803182,4262.831717734429
Viet Nam,34.15820962023,31.30411186319,12187.285152241871,25773.5998479408
Yemen,12.04547463374,11.47427090223,545.4019239397986,1580.9530359410733
Zambia,46.00837844641,37.07799441268,1169.8224037913333,2297.8096207783938
Zimbabwe,56.02079826674,46.93709463008,2001.9483172237265,2813.99670988408
