"SNP","beta_exp","beta_hf","se_hf"
"rs4133213",-0.0849,-0.0046,0.0081
"rs1811472",-0.1249,-9e-04,0.008
"rs10789188",0.0831,-0.0151,0.0085
"rs2701185",0.0844,-0.0143,0.0078
"rs1260326",0.0758,0.0087,0.0081
"rs17616063",0.1338,-0.0219,0.0157
"rs7012637",0.0499,0.0188,0.008
"rs6734238",-0.0449,-0.0034,0.008
"rs12239046",-0.0404,-0.0051,0.0081
"rs1800961",-0.1074,0.0097,0.0215
"rs2239222",-0.0359,0.004,0.0083
"rs340005",0.0339,2e-04,0.0081
"rs4817984",-0.0344,0.0031,0.0102
"rs6519133",0.0313,-0.0042,0.0082
"rs75460349",0.0948,-0.0376,0.0291
"rs10095930",0.0286,0.0153,0.008
"rs6486122",0.0296,0.0127,0.0084
"rs149624078",-0.1402,-0.0218,0.0255
"rs469882",0.0349,0.0085,0.0098
"rs1490384",-0.0279,-0.0034,0.0079
"rs7302913",-0.0279,0.0016,0.008
"rs28929474",-0.1003,0.0259,0.0342
"rs3768321",0.0338,0.0041,0.0098
"rs56094641",-0.0266,-0.0454,0.008
"rs55855238",-0.027,-0.0026,0.0083
"rs1332328",0.0265,0.0281,0.0083
"rs1880241",0.0252,0.0134,0.0078
"rs1736060",0.0249,-0.0028,0.0095
"rs35695283",0.0372,0.0105,0.0124
"rs11868378",-0.0334,0.0159,0.0106
"rs4647725",0.0333,0.0124,0.0105
"rs1037170",0.0281,0.0072,0.0088
"rs2542153",-0.0237,-0.0014,0.0079
"rs920065566",-0.0239,-0.0396,0.0085
"rs2700938",-0.0236,0.0116,0.0081
"rs55707100",0.0692,-0.0205,0.0246
"rs6073958",0.0279,-0.0136,0.0097
"rs516316",0.0223,0.0087,0.008
"rs2280406",0.0222,0.0136,0.008
"rs17138478",0.0338,0.0221,0.0122
"rs1800693",0.0218,-4e-04,0.0081
"rs7756870",-0.0224,0.0174,0.0085
"rs28601761",0.0211,0.0269,0.008
"rs1441169",0.021,-0.0011,0.0078
"rs7933202",0.021,-0.0204,0.008
"rs1292061",-0.0209,0.005,0.0079
"rs687339",-0.0249,0.0234,0.0096
"rs2161037",0.0205,-2e-04,0.008
"rs78428995",-0.0203,0.0044,0.0078
"rs4764939",-0.0201,0.0151,0.0078
"rs13028310",-0.026,-0.0415,0.0152
"rs1056441",-0.0208,0.003,0.0085
"rs11530219",-0.0297,-0.0142,0.0115
"rs3750310",-0.0197,0,0.0082
"rs11047224",-0.0522,-0.0066,0.0201
"rs1545536",-0.0244,-0.0127,0.0097
"rs11772470",-0.0273,-0.044,0.0112
"rs2041748",0.0223,-0.0025,0.0093
"rs12927172",0.0193,0.0198,0.0093
"rs149394327",0.0593,0.0758,0.0273
"rs151291132",-0.064,-0.0031,0.0244
"rs2161374",-0.0191,-2e-04,0.008
"rs3865444",-0.02,0.0044,0.0084
"rs77704739",0.0483,0.0329,0.0209
"rs58542926",0.0356,-0.0388,0.0152
"rs11689543",-0.0186,0.0039,0.0116
"rs9611454",-0.0195,0.0067,0.0083
"rs9738365",0.0212,-0.0065,0.009
"rs6920220",0.0219,-0.0114,0.0097
"rs4354188",0.018,0.0057,0.008
"rs7103411",0.0216,0.0098,0.0098
"rs55981844",0.0198,0.0076,0.0089
"rs3808348",-0.0224,-0.0137,0.0097
"rs2465585",0.0224,-0.0084,0.0099
"rs6573778",-0.0179,-5e-04,0.0081
"rs11666245",-0.0419,0.0211,0.0186
"rs1905505",0.0196,0.0041,0.0086
"rs2260997",0.0178,0.0167,0.0079
"rs10797119",-0.0177,-0.0081,0.0079
"rs35462231",0.0212,0.044,0.0142
"rs2030085",0.0256,0.009,0.0113
"rs11118625",0.0194,0.0157,0.0131
"rs6453434",0.0184,0.0067,0.0081
"rs12132412",-0.0182,0.0095,0.0083
"rs2980423",-0.0173,0.0017,0.0082
"rs75423534",-0.0294,-0.0014,0.0125
"rs2657896",-0.0233,-0.024,0.0111
"rs11246616",0.0256,0.0134,0.0137
"rs4714508",-0.0179,-0.0011,0.0083
"rs10871777",-0.0196,-0.0313,0.0092
"rs9604045",-0.0229,0.0014,0.0103
"rs6792725",0.0185,0.0105,0.0086
"rs8186552",-0.026,-0.0163,0.012
"rs60037105",0.0183,-0.0046,0.0087
"rs2068888",-0.0166,-0.0074,0.0079
"rs56186137",-0.0166,-0.0115,0.008
"rs2207132",0.0487,0.0123,0.0235
"rs4755720",-0.0165,-0.0348,0.0081
"rs10760691",-0.0172,0.0015,0.0084
"rs8072566",-0.0204,0.0024,0.01
"rs6786055",0.0171,-0.0082,0.0083
"rs6658257",-0.0162,-0.0072,0.008
"rs6020459",-0.0178,-0.0111,0.0087
"rs12929503",0.0161,0.0279,0.008
"rs6686560",0.0256,0.0021,0.0128
"rs704017",0.016,-0.0093,0.0082
"rs663015",-0.0167,-0.0014,0.0084
"rs7310135",0.0159,0.0073,0.0078
"rs7127808",-0.0206,-0.0114,0.0117
"rs59916403",0.0166,0.0095,0.0082
"rs7662792",-0.0166,-0.0179,0.0083
"rs178826",0.0158,0.0206,0.0079
"rs67890964",-0.0165,-0.0087,0.0084
"rs12417343",-0.0263,-0.0089,0.0133
"rs1801272",0.0526,-0.0413,0.0339
"rs4018180",-0.0317,0.0094,0.0239
"rs4239538",0.0168,-0.0128,0.0086
"rs1688043",-0.0305,-0.0016,0.0158
"rs10864088",-0.016,0.0113,0.0085
"rs303429",-0.0152,-2e-04,0.008
"rs12220",-0.0151,-0.0057,0.0079
"rs6905544",-0.015,8e-04,0.008
"rs68085814",-0.0164,-0.0329,0.0088
"rs56187480",-0.0156,0.0013,0.0082
"rs1338071",0.0163,-0.0016,0.0085
"rs10770829",0.0185,0.0109,0.0139
"rs2007882",-0.0377,0.017,0.0192
"rs1532085",0.0147,-9e-04,0.0081
"rs1935237",-0.0198,0.0027,0.011
"rs11012732",-0.0153,-0.0093,0.0084
"rs2289852",-0.0313,0.0382,0.0165
"rs9905884",0.0166,-0.007,0.0092
"rs11118902",-0.0173,-0.0038,0.0097
"rs2596937",-0.0173,-0.0101,0.0098
"rs13021775",-0.0144,-0.0319,0.0093
"rs437060",0.0144,0.0015,0.008
"rs11078597",0.0187,0.0227,0.0101
"rs10106298",0.0151,-0.0111,0.0083
"rs750344",0.0158,-0.0073,0.0087
"rs73137144",0.0186,-0.0399,0.0105
"rs6925389",-0.0149,0.005,0.0082
"rs4658403",-0.0184,-0.0138,0.0105
"rs1635852",0.0141,-0.0066,0.0079
"rs1869358",0.0169,-0.0163,0.0093
"rs10924372",-0.0147,7e-04,0.0083
"rs1800973",0.0294,0.0378,0.0169
"rs16988471",-0.0336,-0.0415,0.0178
"rs4690098",0.0167,-0.006,0.0094
"rs1222209",-0.0146,-0.0104,0.0083
"rs2956395",-0.0145,-0.0052,0.0084
"rs3805433",-0.0151,0.0126,0.0088
"rs7956514",-0.0151,-0.0097,0.0089
"rs17417252",-0.015,2e-04,0.0089
"rs28376696",-0.0291,-0.035,0.0156
"rs166169",-0.0188,0.0096,0.0108
"rs12605964",0.0141,-0.0029,0.0125
"rs117529631",-0.0322,-0.0028,0.0189
"rs10497423",-0.0134,-0.0021,0.0081
"rs2970901",0.0134,-0.0046,0.0079
"rs7639927",-0.0134,-0.0027,0.0079
"rs7993752",-0.0134,-0.0123,0.008
"rs630372",0.0154,0.001,0.0095
"rs34864350",-0.0301,-0.0434,0.0179
"rs72730950",0.0253,0.0094,0.0159
"rs930035",-0.0133,-0.0036,0.0082
"rs12620844",-0.0133,-0.022,0.008
"rs7908825",-0.0133,-0.0304,0.0079
"rs1052067",-0.0145,-0.0118,0.0087
"rs245767",-0.0145,-0.0189,0.0088
"rs4535048",-0.0217,-0.0271,0.0123
"rs141094656",-0.0584,-0.0276,0.0322
"rs2842171",0.0131,0.0134,0.008
"rs994596",0.0137,0.0149,0.0083
"rs10008492",0.0137,0.0108,0.0082
"rs59737437",-0.015,-0.0161,0.009
"rs11156891",-0.0163,0.0084,0.0095
"rs112957492",0.0136,-0.0037,0.0124
"rs4933220",-0.0129,-0.0113,0.0079
"rs1401454",-0.0129,3e-04,0.008
"rs59316512",0.041,3e-04,0.0247
"rs13066686",-0.0128,-0.0087,0.008
"rs6443429",0.0134,0.0141,0.0085
"rs13092573",0.0134,-0.0037,0.0084
"rs12357890",-0.0134,-0.0183,0.0119
"rs34284056",-0.014,-0.0082,0.0089
"rs10498240",0.0133,2e-04,0.0083
"rs7084062",-0.0133,-0.0065,0.0081
"rs184334219",0.0461,0.0259,0.0282
"rs2339102",0.0125,0.0049,0.0078
"rs7455288",0.0143,0.0171,0.0092
"rs11667234",0.0298,-0.0141,0.0214
"rs13416992",0.0124,0.0105,0.008
"rs787488",0.0136,0.0066,0.0088
"rs12428361",-0.0142,0.0011,0.0089
"rs197374",0.0123,-0.0015,0.008
"rs72799497",-0.0166,-0.0117,0.0106
"rs6992315",-0.0135,-0.0124,0.0088
"rs2156407",0.0135,-0.0168,0.0087
"rs113585586",0.0184,0.0156,0.0122
"rs10035289",0.0122,0.008,0.0078
"rs2177382",-0.0164,-0.0075,0.0126
"rs75265117",-0.0182,0.0095,0.0117
"rs11928797",-0.0194,0.0034,0.0128
"rs77738620",-0.0588,0.0197,0.0426
"rs141936164",0.0127,-0.0034,0.0083
"rs1969066",0.0133,-0.0048,0.0087
"rs28641479",-0.0157,-0.003,0.0102
"rs114947103",-0.0157,-0.0311,0.0104
"rs500812",0.012,0.0098,0.008
"rs10027275",-0.0138,0.0031,0.0132
"rs57135834",-0.0138,-0.0252,0.0092
"rs17056278",-0.0228,-0.005,0.0155
"rs11054402",-0.012,-4e-04,0.008
"rs11624418",0.0138,5e-04,0.0089
"rs123698",-0.0132,-0.0066,0.0086
"rs2307377",-0.0221,8e-04,0.0137
"rs7539725",0.0173,-0.0031,0.0113
"rs6595549",-0.0155,0.0025,0.0102
"rs946551",-0.0131,0.0064,0.0131
"rs6775319",-0.0131,-0.0014,0.0087
"rs45499402",-0.019,-0.0108,0.0128
"rs62618693",-0.0296,-5e-04,0.0204
"rs10831676",0.0118,0.0015,0.0079
"rs146424514",0.0159,0.0049,0.0155
"rs6801781",0.0129,0.0056,0.0086
"rs11782130",0.0123,-0.0101,0.0083
"rs11653826",0.0199,0.0047,0.0136
"rs3785568",0.0152,3e-04,0.0102
"rs73672511",-0.0175,0.0129,0.0115
"rs10868852",0.0344,0.0795,0.0286
"rs5017416",0.0268,-0.006,0.0184
"rs11217192",0.0134,0.0088,0.013
"rs113584870",-0.0163,0.0155,0.0172
"rs7801838",-0.0128,0.002,0.0086
"rs189400382",-0.0122,-0.0058,0.0125
"rs9977825",0.0122,0.0103,0.0082
"rs459625",0.0116,-0.0034,0.0079
"rs12270146",0.0139,-0.0161,0.0091
"rs17391694",0.0173,0.0229,0.0118
"rs12620112",0.0121,0.0146,0.0085
"rs1470560",0.0121,0.0191,0.0081
"rs4903132",-0.0121,-0.0032,0.0082
"rs9788721",-0.0121,-0.0306,0.0082
"rs56045434",-0.0161,-0.0163,0.0131
"rs12716972",-0.0115,-0.0148,0.0078
"rs1886008",0.0184,0.0116,0.0124
"rs3732356",-0.0235,-0.005,0.0158
"rs12621948",0.0126,0.0052,0.0087
"rs13109980",-0.012,-0.0257,0.0083
"rs2274782",0.012,0.0107,0.0081
"rs424539",-0.012,-0.0086,0.008
"rs6695390",0.0114,-0.0081,0.008
"rs6500446",0.0114,-0.0041,0.008
"rs288183",0.0148,0.016,0.0107
"rs2310227",-0.0119,-0.0031,0.0118
"rs12202212",0.0119,0.0047,0.0085
"rs12523793",-0.0119,0.0035,0.0084
"rs1918912",-0.0124,-0.0046,0.0088
"rs4468667",-0.0124,-0.0209,0.0086
"rs4927985",0.0169,-0.002,0.0116
"rs145604770",-0.0287,-0.0406,0.0192
"rs174373",0.0135,-0.0018,0.0095
"rs9965184",0.0118,0.0242,0.0082
"rs11708067",-0.0129,-0.0041,0.0095
"rs17098829",-0.0129,-0.0093,0.0089
"rs183956186",0.0157,0.0127,0.0159
"rs17050272",0.0112,-0.0212,0.0082
"rs6768108",-0.0112,-0.0023,0.008
"rs991946",0.0112,-0.0151,0.0078
"rs10969334",-0.0112,-0.0051,0.0079
"rs56821385",-0.0375,-0.0516,0.0279
"rs76620584",0.019,-0.029,0.0132
"rs8071043",-0.0117,-0.0026,0.0084
"rs10078214",0.0128,0.0035,0.0091
