year,cases_<5 years,cases_5-9 years,cases_10-14 years,cases_15-19 years,cases_20-24 years,cases_25-29 years,cases_30-34 years,cases_35-39 years,cases_40-44 years,cases_45-49 years,cases_50-54 years,cases_55-59 years,cases_60-64 years,cases_65-69 years,cases_70-74 years,cases_75-79 years,cases_80-84 years,cases_85-89 years,cases_90-94 years,cases_95+ years,pop_<5 years,pop_5-9 years,pop_10-14 years,pop_15-19 years,pop_20-24 years,pop_25-29 years,pop_30-34 years,pop_35-39 years,pop_40-44 years,pop_45-49 years,pop_50-54 years,pop_55-59 years,pop_60-64 years,pop_65-69 years,pop_70-74 years,pop_75-79 years,pop_80-84 years,pop_85-89 years,pop_90-94 years,pop_95+ years
1990,0.0,0.0,0.0,11841.34787522673,11375.043554541477,11171.801169630877,10498.957945349992,12173.592810410952,15063.695243887709,21953.445236975826,31255.11625832263,40130.87255002411,98430.70849141027,256580.2427696039,322090.3459760009,290393.11271945655,214039.5397063618,116225.51237430112,34212.385963262495,7271.670653569797,,,,519423450.5337178,492087904.80582166,442619652.86233056,385422487.02493453,352244471.47129107,286481634.8783486,232195492.45568395,212571467.09908366,185199958.8542785,160609236.79869792,123609457.32686652,84661154.5317363,61555514.35143139,35375927.18533957,15111072.50411186,4285187.551178473,1018086.506542829
1991,0.0,0.0,0.0,11778.895254162477,11437.159584059558,11551.94552469794,10657.87080123315,12541.751713897824,15822.854103662996,22555.736310227607,31756.62115115753,41053.99568385948,101080.47418872578,264334.0045267298,333648.1732865463,297324.8384618271,221261.2902452403,123457.7570775041,36680.57081244458,7636.15878933582,,,,518350546.5166671,497020859.5084274,455741897.2674085,390561332.3044006,361091531.12568736,300529642.2753453,235388281.93107715,214880956.6418725,187841079.78969386,163914796.95868796,127429487.52216437,87729311.89069928,61771393.39243916,36491447.06969699,15805920.646793228,4576828.994623349,1059747.8231485607
1992,0.0,0.0,0.0,11714.367345195098,11484.854876586916,11873.845214731622,10915.555170913383,12817.038290920204,16473.46726636842,23348.9068668582,32205.6899904244,41966.73966787188,103289.75908991172,272144.05105816136,346184.61558722507,304572.351728323,228730.35881944804,130696.90247413795,39261.65482207725,8077.088212986806,,,,517295515.41272897,500647331.0697597,466919880.73670065,398915095.05442584,368394794.00899726,310707130.85950917,243591564.98563662,216306482.87947983,191103915.9732854,166298015.5051578,131286171.1416441,91404862.45676465,61751839.529906385,37507008.86139751,16564525.449275818,4843763.997210358,1108168.6706487315
1993,0.0,0.0,0.0,11671.48727987182,11517.974489088536,12101.106161385718,11306.313894169913,12951.55427593526,17225.239784914753,24046.722856242835,32681.852534395603,42735.61256616381,105115.29279017642,280463.871141468,359172.63354321674,312497.7686423926,236724.59148147845,136867.1973727395,42285.9221181614,8551.185073984518,,,,517308029.2792363,503144509.1286282,474777317.9360036,411338278.7922257,373309813.84655046,321865699.6007825,252553514.57159337,217241046.97521916,194246044.76439938,168255822.5938196,135141884.4071858,95390014.12877746,61662095.22694414,38570726.55481174,17209646.110641733,5154550.978772945,1156852.9293900828
1994,0.0,0.0,0.0,11671.820602733014,11531.75539251935,12260.10493574048,11763.95744360556,12993.774967334626,17819.42713740284,25099.21376149617,33109.00634286607,43324.12064035263,106903.27412562708,288626.9402345166,373144.6925375719,320228.2919523305,244981.7462508869,142790.0844865582,45557.970432083785,9066.61314099836,,,,519239609.9418509,504292344.8601919,480314259.5528276,425652298.5961913,376473676.01885194,330818897.77845,265230770.07931757,218149042.0171934,197003770.88970673,169914554.25508255,138844402.64885554,99207617.6613174,62205838.49690669,39445601.70044832,17839977.70488106,5473774.091857957,1211024.5467086253
1995,0.0,0.0,0.0,11745.994767091312,11551.742243352348,12391.326630120466,12230.752419414865,13040.323750815092,18643.577634448968,25723.62814182409,33469.07359243117,43835.64551834061,108449.30774027896,296381.0183421936,386608.40561396175,330850.9844361916,252804.50347345584,148446.6767662257,48860.105818747004,9683.047231180435,,,,523594826.28540355,504445556.4596863,484649609.3780032,439746808.4155318,379502374.5146267,343378568.355823,275592318.2412454,218767486.8389577,199545802.63798505,171790715.7090417,142008434.0023986,102693526.47908078,63806210.03177218,40080289.14364864,18423094.442916144,5787521.432443662,1280260.738655626
1996,0.0,0.0,0.0,11876.643718484744,11565.213538463167,12507.067156231207,12639.60225061254,13171.836475591395,18985.857887230355,26740.561352846114,34107.337275203514,44152.15230399149,110107.427558463,304013.6306951477,400088.9559284301,344822.081584219,260395.97642657944,154309.29394962362,52222.38488908023,10411.055643985112,,,,529823063.02445024,503870796.3878721,489097095.4766216,452012933.9038319,384584618.8781692,351109627.46064806,288704234.3989592,221628601.55772486,201345880.7185036,174300190.09590507,144863890.44686493,105970260.94718298,66328465.46253043,40266498.289171904,19043761.498802707,6081445.687509755,1369146.4156582586
1997,0.0,0.0,0.0,12032.727049668443,11559.860619405214,12596.71842634482,12941.894930568316,13437.211143590324,19138.93558126656,27491.706693330645,35085.09193891798,44372.82626987242,111840.75395232538,311245.44484062993,415025.6624905441,361084.7977744434,269185.51545736287,160652.0030185905,55779.01853557523,11187.101436661642,,,,537487840.5831051,503203357.44249976,492738283.8198121,462274857.56589055,393026682.5334176,357515199.9403337,298073400.0301292,229578011.0824572,202410909.0689807,177507785.1416768,146974994.06424138,109343978.86590108,69352392.71964179,40346262.17008523,19652551.588950872,6407793.94135934,1452952.8939508423
1998,0.0,0.0,0.0,12216.41158721456,11573.899735838662,12680.027903560209,13128.48143737915,13880.938814674671,19087.94044714372,28401.7320547,35912.04538374477,44696.85496880421,113281.71656675207,317774.46809182904,431189.4222919452,378238.0034608514,278845.0075123313,167355.19450177206,59050.75394601558,12120.685215794572,,,,546654360.7199107,503629786.88318807,495721140.31959647,469431359.2739011,405580834.81241226,361849185.43375427,308498974.2428803,238307902.0892018,203196414.20413834,180680519.22528845,148794512.34727815,112769851.16825356,72638798.39071175,40453043.369239934,20319783.160902817,6705580.690437252,1553609.2655344731
1999,0.0,0.0,0.0,12429.964928361627,11642.9742139626,12764.31166133944,13264.00547184808,14424.246694409803,18972.79416224925,29110.68719523209,37370.33857116389,45093.948675980224,114372.3091595808,324553.7815660609,446624.0468851588,395918.3412942359,287936.50283400895,174246.08764927555,62371.67879138624,13214.428352283874,,,,557122921.5712652,506173066.6526846,497771482.42931235,474679669.45143837,420076030.0827006,364779393.84448403,316890103.0761214,250781031.9070221,204165020.57837525,183577741.24829906,150503840.99353945,116133667.88981776,75825393.28495257,41041380.799497895,20914631.582622487,7004235.993288742,1662534.8899201043
2000,0.0,0.0,0.0,12681.874231942807,11781.71597699702,12859.490709706231,13409.873368254555,15013.096273683215,18969.64537151009,30329.599008978552,38374.08579279315,45640.75317478239,115527.22439059555,330138.7328353424,460143.2752939001,411468.4511113218,299091.7683385976,180745.8895067545,65664.30592482048,14461.559360069308,,,,568797031.6817412,511025169.8750226,498746841.9582733,479100562.27113837,434357127.34386015,367832476.5352233,328965815.6640802,261120565.45297182,205047563.96159363,186331084.89806893,152556163.5363015,119117958.29654127,78780507.23651133,42441236.310325146,21393631.515137706,7289775.757372668,1783051.2472170556
2001,0.0,0.0,0.0,12989.386036617749,11992.594189475498,13004.164002091848,13683.955248650134,15712.042214587264,19341.29610903934,31288.814344496022,40537.631618206186,47314.945793836254,116493.53477208049,333358.2800069404,468079.1567746272,421567.5853593152,309701.32676629786,185710.34499268263,68850.10634745487,15812.597549226815,,,,581845640.2072307,517477441.151541,498690155.03651047,484048274.791725,446650187.46441466,373029737.27081156,336668739.2449503,274031667.6058666,208212652.57132727,188427282.19335493,155246815.62117118,121875275.29173376,81571514.83573155,44470745.415605105,21642463.4626347,7587694.802784861,1908775.3605985015
2002,0.0,0.0,0.0,13330.642292203738,12264.24352965054,13200.900760280902,14090.790287373778,16524.988989471378,20200.21883800462,32503.198013268007,43037.36493859373,50529.55733865553,117563.54926754384,333298.71214786416,469103.3179788893,426896.9978331468,317648.455705266,189733.88887711475,71915.98407161697,17248.79440328468,,,,594977658.2672361,525370560.28348505,498458560.8857503,488475654.3766757,456967717.0572733,381555836.34328043,343198407.0492428,283378503.2895791,216437149.41569725,189847982.4258564,158572358.92297745,124003127.7204898,84433895.25510518,46774504.68042228,21811449.32848123,7869798.709781434,2040279.5617200958
2003,0.0,0.0,0.0,13663.726018469397,12571.663104976147,13418.912321748918,14535.336140412106,17281.735937289544,21518.72180644965,33521.67277416115,46201.45711842924,53979.74205275114,119156.51921331584,330894.4960482095,466447.74058398535,430794.5267664656,323998.4880943636,193232.09157233432,74783.96988236863,18627.43671313284,,,,606682487.871218,534767900.07476,499214349.2105645,492330593.8342729,464324074.9396375,394112706.9457389,347827312.2444483,293821954.0221894,225455625.82346505,191124736.38886648,161862223.55232668,125909710.72186992,87349135.19061956,49186603.50424106,21983310.844100635,8168146.509585186,2161712.6917678444
2004,0.0,0.0,0.0,13944.616165507165,12893.096116933128,13642.770188431256,14906.071009698057,17879.28617240685,23023.013438085087,34154.5550934302,48891.19754239437,58382.03744103082,120767.4997359524,328104.82231014525,465426.4741693202,435021.41610001336,330824.5341139843,196399.93278726612,77385.94636945533,19947.0426489464,,,,615883401.089956,545567776.6785779,502013547.767395,495268640.9842136,469954598.8525422,408650640.4219782,351170443.7584682,302366759.3222566,238113287.24000722,192695821.81058288,164893410.19645002,127788258.52736981,90234395.71864396,51522221.241397314,22433590.45602501,8453718.550805759,2285511.1997925616
2005,0.0,0.0,0.0,14126.566593361456,13205.735988971312,13847.997042969975,15100.030950265322,18215.7077423537,24343.503772344688,34408.30577395337,51759.19295587564,61170.36485760342,122341.0158105388,328451.0132326027,468398.0167694388,443116.3440965829,339757.27361346985,202886.52234986564,79964.26515683981,21220.509130481983,,,,621771808.0025357,557734426.9678317,507111038.2601166,497076511.2978246,474836584.5928808,423047279.85866314,354616769.8913778,314537878.76449424,248652274.04274264,194262612.63257098,167807679.71572953,130017106.0037189,92843236.31856607,53736705.485867284,23397800.376736067,8709327.030886367,2411777.632573601
2006,0.0,0.0,0.0,14170.195411614575,13479.910366909106,14001.137305001565,15090.70316775776,18274.36669858342,25157.02622982366,34502.27613060082,52694.89690386731,63962.49795144618,125103.24099688088,330896.12785850285,476584.47080445074,455367.0304224473,351408.6299192381,212683.69272980443,82677.82352994669,22497.976891690905,,,,623563669.3173239,571463490.6379604,513740008.4629375,497827475.25954556,480258553.3950168,435485535.7397022,360112452.4274238,322549284.38318616,261576302.5728498,197945087.26356277,170237090.26379776,132855790.51815437,95382227.06885827,55886655.89496075,24751547.21825251,8897652.142804295,2544617.2499343804
2007,0.0,0.0,0.0,14110.46800057635,13695.169082653414,14125.63680942922,14969.24442177697,18155.006819522965,25447.140198468984,34802.77706504334,52710.66745846114,65578.8460748574,129594.5233154589,334099.3804411886,486177.1027427227,468345.19748124847,365046.0645870468,223670.64547327903,85741.64480465197,23726.652411376454,,,,622269326.8976704,585423169.1908132,521732623.57651174,498283381.3565118,485131005.58105206,446052087.2979101,368877496.8518604,329390623.56030834,270959056.8786933,206519392.27408803,172127471.8903497,136266565.1689556,97547782.62731342,58153302.450928114,26292039.985430375,9071542.52285688,2680518.8946161605
2008,0.0,0.0,0.0,14002.44934501992,13856.809874440683,14261.306965265509,14832.643495738708,17959.609035499143,25299.31817678784,35525.32822190712,51921.1910613408,67319.27050353204,133260.10904056692,339151.78808241826,495144.52651480347,481059.3445777861,380205.08240223496,234744.17031206825,89115.90518697255,24977.79793312689,,,,619025735.9476471,598293158.3274956,531413324.0667505,499723960.36813897,489448370.42235047,453756648.9551666,381654489.9338466,334351164.60692203,281391129.4477943,215704290.96703425,173957865.83821818,139624353.97724405,99590938.83548513,60463967.627800584,27883274.743550606,9265862.805990716,2825094.536480917
2009,0.0,0.0,0.0,13891.365762942118,13967.917010596297,14430.663821521915,14760.31670294332,17757.98275878734,25007.893765349658,36477.08322871694,50924.47385134234,68391.69648745857,139457.50777442745,344279.5765325087,502874.8436945645,494920.4966146192,395288.9148541436,246315.47416554185,93034.76912662663,26434.31997835812,,,,614712394.4427642,608637694.7739997,542516841.1072168,503098567.7907005,492801485.5044997,459734673.342689,396380280.8310011,338025348.1544702,289990711.0362069,228261685.65307117,176048857.3215345,142728644.38363743,101661139.78342274,62740668.90671682,29443980.817996163,9604403.574029315,2978278.140732996
2010,0.0,0.0,0.0,13819.171921981851,14025.776022547954,14644.897588550128,14791.059084012972,17624.359703630555,24848.70770233912,37598.10285001004,50390.610830245896,70674.53580158656,143101.8806975763,349464.94871345034,510915.8038833741,507798.2681522927,409912.3586889248,258108.90071337103,98638.8752921131,28044.848180386885,,,,609950128.2992219,614620885.7738506,554462121.2540622,508260907.8438645,494751856.47088283,464822243.98017097,410903514.1796441,341763284.30551404,302127746.4694998,238616757.79357746,178040129.64995876,145726901.95198768,104021645.5066538,64830074.32170915,30934340.378556244,10204486.009489242,3127374.596136665
2011,0.0,0.0,0.0,13791.838370367854,14011.278841415888,14877.489730859435,14867.133492827676,17497.42233836685,24810.56610145478,38620.311993445,50512.20378654498,71691.32586408503,148687.21751209215,358022.02898346714,517579.2853847892,520223.8927194312,423748.89347215183,269465.66111006914,105198.51147346012,29685.8942939126,,,,606360611.298486,615726482.6597002,567548934.6781297,514464782.7256514,495348279.96715647,470305668.59892243,423380625.273857,347447632.625518,310125205.72569627,251284540.4752429,181854614.2823471,148300603.88147932,106781640.23032154,66890106.205970265,32316717.176939294,10936829.472499603,3254694.8508143253
2012,0.0,0.0,0.0,13782.670075750386,13928.936609649423,15072.249112945234,14940.339279356396,17309.80913885237,24733.19160501705,39257.7605082514,51240.79171622536,72142.53188264246,152389.96550844217,371821.0505963641,523542.5846340519,532132.0085138793,436834.4650979069,281486.9658917826,112035.5140309718,31416.4420631266,,,,604266521.4416927,613674305.4226031,580775573.5133772,521925036.5440458,495552673.984964,475184701.8467643,434023175.3765489,356296206.8883666,316927808.8885722,260451575.21661177,190244637.90753853,150343752.23893645,109942283.79888923,68689663.16201316,33792348.88436767,11721069.095369175,3375641.038488969
2013,0.0,0.0,0.0,13794.403594121128,13829.734262810132,15223.19014812996,15043.60260693251,17142.833111255048,24670.56555809146,39532.17726358006,52777.36433992943,71938.96463146934,157114.00035495943,383136.2561004312,531736.650544639,542582.5859883634,449380.0560598102,293921.7225583898,118319.92425924438,32920.37762589439,,,,603076397.2169774,609699772.8670472,592435348.295204,530850776.2769658,496534599.6484417,479400156.078351,441784269.29218674,369048911.1223,321855345.55102754,270572885.4087962,199111566.2040044,152368609.35630405,113064926.89636809,70444837.58657658,35296189.46012256,12492316.548003575,3497852.8212235053
2014,0.0,0.0,0.0,13834.916489394063,13752.911488692413,15337.564006312963,15205.725075158094,17078.18471891811,24640.89501690644,39699.58573524072,54793.18990791518,71515.21388443318,160512.3820024175,402602.26385706186,540236.537167274,551837.4335448878,462845.7562623256,305225.4213289691,123735.46413437756,33986.052117616906,,,,602502881.1081309,604844180.4451123,601270294.1221423,541087887.872981,499330325.05705553,482564361.70575297,447768354.68080896,383650184.3205281,325504790.4446541,278902059.8190253,211131041.1305668,154666522.01580158,115953635.8850607,72216010.99945799,36738726.90706363,13207653.476998169,3646107.117766338
2015,0.0,0.0,0.0,13916.434889253096,13733.947508652598,15433.137126330346,15460.573741876116,17173.3033342661,24682.71251527418,39989.95839654924,57025.0103362196,71492.71082948404,166543.4818762184,414138.4616043746,550030.0640811981,562760.6265125326,477222.1478001922,316994.7314014578,129288.95378852752,35504.86941083823,,,,602739088.4961655,600149228.4683694,606445316.0438335,552649257.3110303,504246656.95075035,484461087.6901322,452937040.93450224,398041151.0837293,329208084.64798486,290535287.2872189,220972046.53598097,156861724.74400565,118780056.62112586,74231526.8815842,38073225.75628584,13891261.96528101,3874882.777990893
2016,0.0,0.0,0.0,13980.728147709196,13743.729124483549,15441.454235725176,15756.060488202733,17354.82604615759,24728.0125663149,40444.81721183171,59136.72206360031,72267.00583064831,169270.62483199575,431698.0612495166,565717.9594230867,573289.0423135738,493751.74176121806,331018.0960912628,135942.57497873026,37623.73947665576,,,,603580125.2257277,597052243.238254,607160027.4709891,565703744.1273118,510427292.0115419,485119767.3925108,458610672.891153,410405422.097393,334815008.8248992,298107193.64827347,233016893.24147028,160629108.812762,121320545.48483989,76577010.28865872,39448834.98240398,14568279.795366224,4131509.066057
2017,0.0,0.0,0.0,13998.23290754282,13736.26943811154,15342.062750619416,16010.869904866366,17556.602376212217,24712.13470490013,40905.372770935486,60868.17045151963,73965.21935906421,170716.93694571996,443689.7146778832,589444.0996436398,583003.8691195485,511042.52774417785,346239.94481968164,143870.26452499753,40154.85748851237,,,,605193443.4777489,595480749.3875928,604731281.9935704,578817473.9701873,517782480.24224,485372750.96041787,463630994.57566625,420960617.76633996,343469602.8832934,304485986.9894761,241727274.95377722,168505836.672935,123416367.8502204,79205796.05337518,40673019.731829,15285198.38543589,4396913.324283702
2018,0.0,0.0,0.0,14026.589617030926,13737.099291751623,15216.9305609922,16232.573693973549,17821.26623957603,24712.12574205402,41358.89906745268,62061.67897197849,76807.51191914122,170442.13836024769,459286.741521492,608968.3365477115,595430.2763303071,527626.1798964891,362389.0898050279,152935.9072414805,42950.316113764784,,,,607935331.0386856,594837158.623994,600498512.1572651,590341040.0240785,526565910.1644541,486382759.592541,467961540.56194484,428680253.4232361,355923529.0700377,309019454.5665902,251242945.0745805,176655966.57485908,125472908.6237973,81794977.48453802,41922845.87000485,16043811.556366617,4666218.382602548
2019,0.0,0.0,0.0,14133.355301210511,13785.528922556798,15143.312108667988,16439.846275364598,18187.909024477594,24825.69376058156,41739.94988455859,62920.237109759146,80227.68886631,169412.6062723153,471426.43191319774,643264.2353702732,608951.1694688322,543184.7693642528,379983.91056740686,162104.00434961542,45892.86982011584,,,,611964864.4253546,594924367.361791,595610150.8825116,599062597.5706528,536692305.16543,489246749.8263389,471230258.4375173,434648510.67409164,370192263.1589461,312308385.06323713,259038664.009409,187569519.83575922,127669775.72668634,84197082.59945244,43277839.27206005,16820237.98515595,4952024.893461825
2020,0.0,0.0,0.0,14287.318755368577,13841.70534112792,15106.843474321053,16597.75106663874,18775.07650652401,25292.72525790731,41973.33664071647,63145.96090231505,82401.47909708344,166731.4087341218,487350.5554887921,659503.7189599953,618756.2265872778,553916.7364899165,393860.9763242518,169314.75534148034,48502.70511732621,,,,617182561.6652154,595839340.9878979,591051880.6747227,604034936.2834582,548078541.116606,494192164.02701896,473085416.33285624,439653642.540081,384108080.47595304,315441703.3191033,269557352.20948243,196046223.32186753,129360401.16264817,86243044.75314638,44592974.31119325,17441307.135376215,5228020.057092398
2021,0.0,0.0,0.0,15520.459788125909,14951.017139655693,15679.633706391627,17109.61281243608,19895.56669729318,26664.968084298296,44387.31988015799,67266.19896680822,88220.19338277332,171512.76456722288,506503.966835317,705202.4991559931,662382.0985842749,591264.155789666,428037.6902354532,185011.6053819996,53526.6121111846,,,,623979871.3128198,597158138.0569667,588343218.6268225,604480174.7768384,560866105.9152644,500250795.60533834,473504625.9030776,444922982.84127456,395728003.9865678,320047853.31284803,275842158.5223623,205839220.38600314,131884404.58021937,87583056.91849132,45721791.0517722,17889373.591415133,5450308.674933475
