"SNP","COPD","FEV1","FEV1FVC","CPD","COPD.1","FEV1.1","FEV1FVC.1","CPD.1","outcome_beta","outcome_se","palindromic","COPD.2","FEV1.2","FEV1FVC.2","CPD.2","HF"
"rs16824937",0.0035,-0.0341,-0.0086,0.012509,0.026,0.0045,0.0046,0.044689,-4e-04,0.016,FALSE,0.0486806066596676,0.0704,0.0703,0.052778,NA
"rs2794360",0.0034,0.0062,0.033,0.058294,0.0192,0.0038,0.0039,0.035665,-0.0177,0.0141,FALSE,0.0953297336908835,0.1042,0.104,0.091736,NA
"rs12034227",-0.0221,0.011,0.0248,-0.005274,0.0161,0.0025,0.0025,0.024714,0.0068,0.0097,FALSE,0.66315668736631,0.6641,0.664,0.683885,NA
"rs1106370",0.0053,0.0138,-0.0017,0.015427,0.0114,0.0024,0.0024,0.019994,0.0013,0.008,FALSE,0.463113747625041,0.4213,0.421,0.462548,NA
"rs3754512",0.01,0.003,-0.039,0.007879,0.0114,0.0023,0.0024,0.01947,-0.0138,0.0077,FALSE,0.467399542213534,0.523,0.523,0.510733,NA
"rs72651496",0.0179,-0.0144,-0.0169,0.014842,0.0145,0.0026,0.0027,0.02236,0.0038,0.0089,FALSE,0.197842841673173,0.2636,0.263,0.258762,NA
"rs12737805",0.0169,0.0203,0.0022,-0.009856,0.0139,0.0028,0.0029,0.022996,-0.0094,0.0094,FALSE,0.791334889075049,0.7787,0.779,0.764421,NA
"rs12096239",0.0285,-0.0187,-0.0099,-0.015635,0.0137,0.0027,0.0027,0.02274,0.0202,0.0091,TRUE,0.213890874836519,0.253,0.253,0.234075,NA
"rs755249",0.0248,-0.0202,-0.0239,-0.053294,0.0137,0.0027,0.0028,0.0229,0.0052,0.0092,FALSE,0.217105577571525,0.2328,0.233,0.237248,NA
"rs2885697",-0.0211,-0.0137,0.0051,0.00555,0.0119,0.0024,0.0025,0.020592,-0.0129,0.0082,FALSE,0.669314293172829,0.6664,0.666,0.662987,NA
"rs2993263",-0.0048,0.0098,0.016,0.01004,0.0115,0.0024,0.0024,0.020131,0.0203,0.0079,FALSE,0.463904328593212,0.393,0.393,0.41598,NA
"rs1416685",0.0127,0.0162,0.0202,0.01906,0.0127,0.0024,0.0024,0.02115,-0.0061,0.0081,TRUE,0.297260142345093,0.4053,0.405,0.348435,NA
"rs1392140",-4e-04,-0.0154,0.0035,0.029394,0.0138,0.0026,0.0027,0.022179,0.0026,0.0087,FALSE,0.782310070922512,0.7262,0.726,0.739781,NA
"rs72673442",-0.0625,0.0269,0.0517,0.051558,0.0302,0.0054,0.0055,0.047577,-0.0217,0.0185,FALSE,0.964770233681705,0.9511,0.951,0.955831,NA
"rs1968027",-0.0137,-0.0184,-0.0209,-0.003743,0.0134,0.0029,0.0029,0.025378,0.0034,0.0097,FALSE,0.251184974047194,0.2094,0.209,0.182822,NA
"rs9661687",-0.0081,-0.0167,-0.0271,-0.001402,0.0154,0.0034,0.0035,0.02526,-0.0068,0.0112,FALSE,0.837906496213078,0.8633,0.863,0.818133,NA
"rs1192415",-0.0212,0.0016,0.044,-0.00876,0.0145,0.003,0.003,0.025995,0.0038,0.0105,FALSE,0.815854670838635,0.8122,0.812,0.826473,NA
"rs860873",-0.0022,-0.001,-0.0039,0.106491,0.0122,0.0024,0.0025,0.019309,-0.0091,0.0088,FALSE,0.371416100390257,0.4388,0.439,0.469576,NA
"rs114904431",0.2119,-0.0065,-0.0066,-0.005313,0.0368,0.0071,0.0072,0.051702,0.0904,0.0235,FALSE,0.031823033015964,0.0282,0.0283,0.036887,NA
"rs9970286",-0.0226,0.0172,0.0236,-0.02621,0.0119,0.0025,0.0025,0.020815,-0.0035,0.0084,FALSE,0.343930171121964,0.3291,0.329,0.34946,NA
"rs35750964",0.0079,-0.02,0.0036,-0.011263,0.0128,0.0027,0.0028,0.022865,-0.0031,0.009,FALSE,0.728672867313456,0.7559,0.756,0.754011,NA
"rs72692823",0.0476,-0.0203,-0.0205,0.00204,0.0159,0.0033,0.0034,0.031031,0.0112,0.0109,FALSE,0.758680250884275,0.8511,0.851,0.829299,NA
"rs6697620",0.0114,0.0226,-0.0057,-0.011059,0.0114,0.0024,0.0024,0.019861,-0.0048,0.0079,FALSE,0.486752235541708,0.4343,0.434,0.445431,NA
"rs141942982",0.0701,-0.0106,-0.0362,-0.010802,0.0239,0.0038,0.0039,0.042129,-0.0074,0.0128,FALSE,0.0760571845407912,0.1066,0.106,0.082621,NA
"rs16859007",-0.0145,0.0178,0.0106,-0.031023,0.0148,0.0033,0.0033,0.027435,-0.009,0.0105,FALSE,0.184328977304712,0.1518,0.152,0.152123,NA
"rs6425501",0.0042,-0.0182,-0.0056,-0.018776,0.0122,0.0024,0.0025,0.020337,-0.0015,0.0081,FALSE,0.679155474036421,0.6477,0.648,0.632994,NA
"rs2021956",-0.0368,0.0133,0.0167,-0.039203,0.0134,0.003,0.003,0.025106,0.0106,0.0102,FALSE,0.744284367210266,0.8113,0.811,0.819381,NA
"rs944190",0.0146,-0.0156,-0.005,0.017801,0.0121,0.0024,0.0024,0.020223,-0.0021,0.0078,FALSE,0.663986072521042,0.5905,0.591,0.614571,NA
"rs12134019",-0.012,0.0061,0.0311,0.028777,0.0194,0.0034,0.0035,0.030485,0.0088,0.0117,FALSE,0.129295798403074,0.1405,0.14,0.122396,NA
"rs12023835",-0.028,0.0106,0.02,0.010912,0.0118,0.0024,0.0024,0.019884,0.0051,0.008,FALSE,0.512179891508479,0.6018,0.602,0.596478,NA
"rs2816992",0.0168,-0.0131,0.0042,-0.041648,0.0115,0.0024,0.0024,0.019702,0.0084,0.0081,FALSE,0.52749875081481,0.5879,0.588,0.592869,NA
"rs1008833",0.0163,-0.0287,-0.0129,-0.04845,0.0143,0.0033,0.0034,0.026081,-0.0087,0.0109,FALSE,0.77957301992644,0.8541,0.854,0.833929,NA
"rs7516060",-0.0123,0.0138,0.0019,-0.008472,0.0117,0.0024,0.0025,0.02074,-0.0059,0.0082,FALSE,0.627950051708124,0.6359,0.635,0.654139,NA
"rs72737267",-0.0117,0.0211,0.0084,-0.053179,0.0186,0.0036,0.0036,0.030843,0.0111,0.012,FALSE,0.101893483054274,0.1228,0.123,0.114541,NA
"rs7517716",0.0047,-0.0172,-0.0039,-0.019832,0.0113,0.0023,0.0024,0.019848,-0.0057,0.0079,FALSE,0.465274846315011,0.4681,0.468,0.507877,NA
"rs12134534",0.0146,-0.0053,-0.0249,0.027229,0.0117,0.0024,0.0024,0.019426,-0.0079,0.0079,FALSE,0.509143896856037,0.4087,0.409,0.454963,NA
"rs2808218",-0.0065,-0.0208,0.004,-0.027251,0.0118,0.0025,0.0026,0.020328,-0.0034,0.0084,FALSE,0.607028545644735,0.6778,0.678,0.639528,NA
"rs12403980",0.0262,-0.0202,-0.0282,-0.004639,0.0113,0.0023,0.0024,0.01965,-0.0215,0.0078,TRUE,0.482355762412753,0.486,0.486,0.467309,NA
"rs1155612",-0.0302,0.0197,0.0285,0.005487,0.0114,0.0023,0.0024,0.019815,0.0163,0.0078,FALSE,0.502433899086509,0.4912,0.491,0.514338,NA
"rs4854343",0.0497,0.0034,0.018,0.030974,0.0157,0.0031,0.0031,0.026832,0.0328,0.0106,FALSE,0.849150686264478,0.8281,0.828,0.84159,NA
"rs10929647",-0.0086,-0.0129,-0.0011,-0.037473,0.0123,0.0023,0.0024,0.019309,0.001,0.0079,FALSE,0.396647637206227,0.5133,0.513,0.483131,NA
"rs11691805",-0.0013,-0.0085,-0.0224,0.038689,0.0125,0.0024,0.0024,0.019775,0.0011,0.008,TRUE,0.677965685828424,0.6159,0.616,0.578018,NA
"rs2544535",0.0283,-0.0216,-0.0239,0.001289,0.0113,0.0023,0.0024,0.019656,-0.0031,0.0079,FALSE,0.461360127017469,0.4881,0.488,0.469928,NA
"rs2544536",0.0283,-0.0216,-0.0239,0.001344,0.0113,0.0023,0.0024,0.019655,-0.0044,0.0078,FALSE,0.461351510797519,0.4881,0.488,0.469938,NA
"rs55884799",0.0026,-0.0325,-0.0415,-0.011601,0.0164,0.0031,0.0031,0.028138,0.0049,0.0104,FALSE,0.861489167627176,0.8271,0.827,0.853461,NA
"rs62126364",-0.0046,0.0302,0.0369,0.005946,0.0133,0.0028,0.0029,0.024403,-0.0021,0.0094,FALSE,0.245768873218547,0.219,0.219,0.204711,NA
"rs11888819",-0.0073,-0.0061,-0.0255,-0.01255,0.0143,0.0026,0.0027,0.021762,-0.0119,0.0087,FALSE,0.718244190660359,0.7263,0.726,0.726406,NA
"rs10460533",-0.0072,0.0183,0.0211,-0.028009,0.0121,0.0026,0.0026,0.021523,-0.0024,0.0086,FALSE,0.354189199304344,0.2855,0.285,0.293592,NA
"rs10490551",-0.0088,0.0191,0.021,-0.029351,0.0122,0.0026,0.0026,0.021708,-0.0055,0.0088,TRUE,0.346765612644586,0.2772,0.277,0.286518,NA
"rs77059113",-0.0116,-0.0122,-0.0306,0.022259,0.0267,0.0045,0.0046,0.045286,-0.0213,0.0161,FALSE,0.937701844922354,0.9272,0.927,0.949157,NA
"rs7426380",-0.0037,0.0129,-0.0216,0.003663,0.0121,0.0023,0.0024,0.019583,-0.0132,0.0079,FALSE,0.453635355243108,0.5509,0.551,0.555952,NA
"rs11125611",-0.0212,0.0187,-0.0059,-0.009964,0.0119,0.0024,0.0025,0.019907,-0.0075,0.0081,TRUE,0.531097258550955,0.6283,0.628,0.605289,NA
"rs2302643",0.0158,-0.0044,-0.0193,-0.013304,0.013,0.0024,0.0024,0.023762,0.0069,0.0083,FALSE,0.450097831756247,0.4442,0.444,0.428338,NA
"rs35195586",0.0419,-0.0245,-0.0408,0.032015,0.0248,0.0047,0.0048,0.043626,0.0167,0.0156,FALSE,0.0542939291213231,0.0663,0.0662,0.053539,NA
"rs17033254",0.0091,-0.0175,-0.0109,-0.00073,0.0136,0.0029,0.003,0.025561,0.0196,0.0098,FALSE,0.753726065670661,0.8016,0.802,0.827182,NA
"rs62147658",0.0131,-0.0247,-0.0166,0.013527,0.0185,0.0035,0.0036,0.027104,0.0217,0.0116,FALSE,0.142950713246673,0.1264,0.127,0.158312,NA
"rs12470864",0.0385,-0.0112,-0.0203,0.005313,0.0116,0.0024,0.0024,0.020469,0.0018,0.0081,FALSE,0.381032307435131,0.3854,0.385,0.36123,NA
"rs4848578",0.0244,-0.0024,-0.0173,0.010311,0.0131,0.0029,0.0029,0.023375,0.0091,0.0097,FALSE,0.740170581551641,0.7877,0.788,0.774183,NA
"rs1530555",-0.0246,0.0186,0.0035,-0.018594,0.0128,0.0024,0.0025,0.019969,-0.0057,0.0085,FALSE,0.516705193024444,0.3736,0.374,0.426405,NA
"rs6722557",0.0266,-0.0107,-0.0204,0.00953,0.0139,0.0027,0.0027,0.021364,-0.0112,0.0089,TRUE,0.217018425398909,0.2556,0.256,0.292869,NA
"rs10172023",0.01,0.0024,-0.0146,0.014484,0.0121,0.0025,0.0025,0.020388,-0.0121,0.0084,TRUE,0.68643732658854,0.6657,0.666,0.656638,NA
"rs113707721",-0.0432,0.0336,0.0333,0.009566,0.0183,0.0034,0.0035,0.030764,0.0082,0.0117,TRUE,0.893050814334725,0.8655,0.866,0.884839,NA
"rs72907878",0.0445,-0.0332,-0.0334,-0.006186,0.0184,0.0034,0.0035,0.030971,-0.0097,0.0116,FALSE,0.106579784631428,0.1341,0.134,0.113496,NA
"rs7424771",0.0086,-0.0169,-0.0097,0.003685,0.0121,0.0024,0.0024,0.01953,0.0068,0.0079,FALSE,0.57213117202973,0.4468,0.447,0.478869,NA
"rs6433079",0.034,-0.0166,-0.0223,0.018206,0.0134,0.0027,0.0028,0.022766,-0.0063,0.0092,FALSE,0.771279113199254,0.7611,0.761,0.762518,NA
"rs13030866",0.0242,-0.0072,-0.015,-0.004367,0.0118,0.0024,0.0025,0.019998,0.0094,0.0082,FALSE,0.430640846846927,0.3509,0.351,0.372695,NA
"rs6740092",-0.0169,0.0227,-0.0031,0.01292,0.0183,0.0033,0.0034,0.028589,0.0173,0.0109,TRUE,0.893140230890616,0.8549,0.855,0.864445,NA
"rs2304340",0.0081,-0.014,7e-04,-0.030089,0.0115,0.0024,0.0024,0.019919,-0.0086,0.008,FALSE,0.441792475517798,0.4084,0.408,0.40206,NA
"rs2084448",0.0032,0.0017,0.0197,-0.01329,0.0134,0.0026,0.0026,0.021608,0.0043,0.0086,FALSE,0.764469292406445,0.7063,0.706,0.723702,NA
"rs1249096",0.0205,0.0181,-0.0026,0.011109,0.0119,0.0024,0.0024,0.019925,-0.0025,0.008,FALSE,0.463197919456086,0.5634,0.564,0.548376,NA
"rs985256",-0.0401,0.0147,0.0179,0.026643,0.0137,0.0028,0.0029,0.024058,-0.0272,0.0095,FALSE,0.219253173863806,0.2185,0.218,0.211329,NA
"rs72995681",-0.0071,0.0167,1e-04,0.000736,0.0121,0.0024,0.0025,0.020165,6e-04,0.0081,FALSE,0.667461956301791,0.6286,0.629,0.628933,NA
"rs2571445",0.0226,-0.0285,-0.0199,-0.008337,0.0114,0.0024,0.0024,0.019843,0.0199,0.0081,FALSE,0.421195196088464,0.3971,0.397,0.429538,NA
"rs62201738",0.0646,-0.0212,-0.0743,-0.049757,0.0199,0.0044,0.0044,0.041709,0.0023,0.0147,FALSE,0.909896690575673,0.9218,0.922,0.940372,NA
"rs1050785",0.0176,-0.0081,-0.0182,-0.030584,0.0158,0.0025,0.0025,0.024756,0.0051,0.0098,FALSE,0.601997739339817,0.6019,0.602,0.606769,NA
"rs62191107",0.0316,-0.0286,-0.0484,0.027272,0.0135,0.0029,0.003,0.024482,-3e-04,0.0096,FALSE,0.764338791589813,0.8013,0.801,0.801609,NA
"rs4308141",0.0316,-0.0284,-0.0484,0.028891,0.0135,0.0029,0.003,0.024538,-8e-04,0.0097,TRUE,0.764383522650917,0.8011,0.801,0.801403,NA
"rs1561073",-0.0173,0.0146,0.0201,-0.003311,0.0123,0.0026,0.0027,0.020376,0.0051,0.0087,TRUE,0.621017670919367,0.7341,0.734,0.673548,NA
"rs3856802",-0.0113,0.0139,0.0135,0.010492,0.0115,0.0023,0.0024,0.019454,0.0127,0.0078,FALSE,0.478397128832261,0.5452,0.545,0.496712,NA
"rs2974389",-0.0132,0.0165,0.0037,0.013202,0.0114,0.0023,0.0024,0.019548,0.0133,0.0079,FALSE,0.444486838284096,0.4265,0.427,0.460451,NA
"rs9874847",-0.0176,-0.0027,0.0278,0.00381,0.017,0.0034,0.0034,0.028844,-0.0131,0.0115,FALSE,0.129388591735823,0.1435,0.143,0.13976,NA
"rs1529672",-0.0736,0.016,0.0423,0.02042,0.0139,0.0031,0.0031,0.025653,0.0045,0.0103,FALSE,0.220619762490545,0.1736,0.174,0.176549,NA
"rs17666332",-0.0168,0.0073,0.0267,-0.03082,0.0139,0.0026,0.0027,0.023219,0.0053,0.0088,FALSE,0.78690765662126,0.7235,0.724,0.76766,NA
"rs13433809",-0.0105,0.0206,0.0049,0.029551,0.0127,0.0023,0.0024,0.019733,-0.0148,0.008,FALSE,0.672458825653369,0.5607,0.561,0.58713,NA
"rs9819463",-0.0243,0.0224,0.0226,-0.005555,0.0162,0.0029,0.003,0.024802,-0.018,0.0096,FALSE,0.802575192649497,0.7958,0.796,0.813847,NA
"rs6809164",-0.0126,0.0174,0.0232,-0.002766,0.0145,0.0026,0.0027,0.021737,-0.0169,0.0088,FALSE,0.726078631153025,0.7292,0.729,0.726765,NA
"rs12715478",-0.0155,0.0131,0.025,-0.01336,0.0122,0.0024,0.0024,0.021093,0.0176,0.0081,FALSE,0.66662817563818,0.5941,0.594,0.661888,NA
"rs6445932",0.0389,-0.0287,-0.0248,-0.014318,0.0124,0.0027,0.0028,0.021924,0.0051,0.009,FALSE,0.671541473694677,0.7519,0.752,0.725076,NA
"rs71306734",0.0249,-0.0099,-0.0226,-0.03747,0.0157,0.0039,0.004,0.031149,-0.0022,0.014,FALSE,0.193238807096547,0.0985,0.0985,0.110307,NA
"rs2687199",0.0155,-0.0035,-0.0188,0.007502,0.0119,0.0025,0.0026,0.0211,-0.008,0.0096,FALSE,0.633703063691381,0.6757,0.676,0.680317,NA
"rs1499894",-0.049,0.0196,4e-04,-0.03274,0.013,0.0024,0.0024,0.01971,-0.0172,0.0079,FALSE,0.429281981263803,0.4404,0.44,0.422496,NA
"rs13069228",0.0055,0.0158,0.0138,0.039246,0.0128,0.0024,0.0025,0.020922,0.0065,0.0083,FALSE,0.714985937162147,0.6386,0.639,0.672618,NA
"rs9815406",-8e-04,-3e-04,0.0135,-0.01121,0.0119,0.0024,0.0024,0.019736,0.0029,0.0079,FALSE,0.389426940033302,0.4555,0.455,0.440001,NA
"rs7639737",0.0062,0.0325,0.0046,0.010922,0.0148,0.0029,0.003,0.02457,-0.0039,0.0095,FALSE,0.823934981775815,0.7954,0.795,0.807903,NA
"rs6769798",0.0072,0.0066,0.0194,-0.041878,0.0155,0.0032,0.0033,0.027712,0.016,0.0108,FALSE,0.827649968376952,0.8323,0.832,0.854274,NA
"rs6807089",-0.0221,0.0131,0.0105,-0.033221,0.0127,0.0024,0.0024,0.019441,0.0178,0.0079,FALSE,0.652973776227413,0.5359,0.536,0.548719,NA
"rs2999089",-0.0231,0.0202,0.0434,0.041572,0.0198,0.0036,0.0037,0.030128,-0.0167,0.0124,TRUE,0.08847195481532,0.1194,0.119,0.117912,NA
"rs2811416",-0.024,0.0206,0.0428,0.040749,0.02,0.0036,0.0037,0.030298,-0.0197,0.0126,FALSE,0.086989196050493,0.1166,0.117,0.116587,NA
"rs4955548",-0.0121,0.0159,0.0058,-0.008823,0.0127,0.0025,0.0025,0.021644,0.0112,0.0084,FALSE,0.277613954281552,0.3325,0.333,0.3038,NA
"rs73154306",0.0011,0.025,-0.003,-0.010101,0.0133,0.0026,0.0027,0.022886,-0.0077,0.0089,FALSE,0.764885644510185,0.7283,0.728,0.75223,NA
"rs1799807",-0.0333,0.0429,0.0598,0.046342,0.0491,0.0086,0.0088,0.10183,0.0084,0.0359,FALSE,0.982520601227387,0.9809,0.981,0.981427,NA
"rs879394",0.0426,-0.0289,-0.0298,0.005764,0.0128,0.0028,0.0028,0.02266,0.0015,0.0091,FALSE,0.272559576011596,0.2348,0.235,0.242167,NA
"rs881755",0.0302,-0.0246,-0.0241,0.005367,0.0116,0.0023,0.0024,0.019654,-0.0075,0.0078,FALSE,0.557202667687903,0.4844,0.484,0.496006,NA
"rs12107414",0.0033,-0.0178,-0.0113,-0.002574,0.0131,0.003,0.0031,0.023176,-0.0089,0.0099,TRUE,0.2888601149066,0.1887,0.189,0.231287,NA
"rs6780171",-0.0131,-0.0174,-0.0106,-0.035086,0.0122,0.0025,0.0026,0.024493,0.022,0.0084,TRUE,0.309441914622262,0.3129,0.313,0.316726,NA
"rs73182224",0.0398,-0.0178,-0.0197,-0.013288,0.0159,0.0029,0.0029,0.027729,0.0108,0.0101,FALSE,0.168044506940492,0.2389,0.239,0.183278,NA
"rs10489880",0.0059,-0.0155,3e-04,0.012944,0.0123,0.0026,0.0027,0.021589,-0.004,0.0087,FALSE,0.610119246600933,0.7214,0.721,0.714026,NA
"rs3135877",-0.0647,0.0267,0.0378,0.067452,0.0303,0.006,0.0061,0.049101,-0.0118,0.0199,FALSE,0.0506943355781738,0.044,0.044,0.065603,NA
"rs2153997",0.0276,-0.0147,-0.0061,0.003136,0.0132,0.0025,0.0026,0.021209,0.0189,0.0099,FALSE,0.743778526774569,0.7034,0.703,0.671024,NA
"rs4488938",-0.1045,0.0145,0.0346,-0.024642,0.0183,0.0057,0.0058,0.04057,-0.0293,0.0191,FALSE,0.825249181361219,0.9573,0.957,0.939904,NA
"rs62289340",-0.0177,0.0062,0.0167,-0.012307,0.0127,0.0023,0.0024,0.019707,-0.0023,0.0079,FALSE,0.326112422208981,0.4358,0.436,0.429511,NA
"rs4478172",-0.0398,0.0184,0.0183,0.001688,0.0139,0.0026,0.0027,0.022113,0.0075,0.009,FALSE,0.6584651760754,0.7391,0.739,0.745436,NA
"rs1566834",0.0022,4e-04,0.015,-0.033886,0.014,0.0025,0.0025,0.021868,0.0114,0.0083,FALSE,0.689665686473325,0.6623,0.662,0.708738,NA
"rs2324154",0.0015,6e-04,0.0157,0.012983,0.0115,0.0023,0.0024,0.019238,-0.0065,0.0078,FALSE,0.444335438358294,0.5091,0.509,0.504042,NA
"rs115503647",-0.0285,0.0113,0.038,0.003737,0.0283,0.0052,0.0053,0.045453,0.0078,0.0184,FALSE,0.945475010406105,0.9474,0.948,0.94719,NA
"rs301127",0.0407,-0.009,-0.0195,-0.009594,0.013,0.0029,0.003,0.022745,0.0097,0.0097,TRUE,0.699747089784499,0.799,0.799,0.769764,NA
"rs12331869",-0.0224,-0.0181,-0.0076,-0.063547,0.0155,0.0031,0.0031,0.024999,0.0038,0.0104,FALSE,0.15688808047074,0.1789,0.179,0.174942,NA
"rs6830774",0.0032,0.0145,0.0104,-0.027421,0.0115,0.0023,0.0024,0.019575,7e-04,0.0078,FALSE,0.579646113632541,0.5331,0.533,0.551355,NA
"rs62316310",-0.0389,0.0176,0.0272,-0.058806,0.0151,0.0027,0.0027,0.023148,-0.0033,0.0093,FALSE,0.178138354876199,0.2603,0.26,0.232004,NA
"rs11098196",0.0082,-0.0079,-0.0196,-0.012034,0.0114,0.0023,0.0024,0.02297,-0.0042,0.0078,FALSE,0.515005356849961,0.5083,0.508,0.537945,NA
"rs2125787",0.001,0.0131,0.0015,0.003004,0.0114,0.0024,0.0024,0.019731,-0.007,0.0079,FALSE,0.564530159304367,0.5996,0.6,0.56176,NA
"rs2609280",-0.0745,0.0018,0.0537,0.036049,0.0128,0.0028,0.0029,0.022047,-0.0192,0.0094,FALSE,0.28518529326405,0.2147,0.215,0.26613,NA
"rs1246642",0.0751,-0.0018,-0.0535,-0.035847,0.0127,0.0028,0.0029,0.022069,0.0192,0.0094,FALSE,0.714509183701916,0.7852,0.785,0.73312,NA
"rs34712979",0.0565,-0.0567,-0.0682,0.006197,0.0148,0.0027,0.0028,0.024498,-0.0145,0.0101,FALSE,0.257683129302524,0.2561,0.256,0.242613,NA
"rs62321845",-0.0097,0.0179,0.0229,0.002452,0.015,0.003,0.003,0.025562,0.0014,0.0101,FALSE,0.831572755067977,0.8059,0.806,0.827462,NA
"rs57389113",8e-04,-0.0191,-0.0181,-0.004927,0.0156,0.0031,0.0032,0.02692,0.002,0.0106,FALSE,0.151425322869764,0.1701,0.17,0.150605,NA
"rs4834214",0.0021,-0.0146,-0.0045,-0.004005,0.0113,0.0024,0.0024,0.019727,-0.0013,0.0079,FALSE,0.534343726766732,0.5515,0.551,0.532015,NA
"rs1512281",0.0774,-0.0356,-0.0683,-0.019716,0.0116,0.0024,0.0024,0.019977,-4e-04,0.0079,FALSE,0.585593679300348,0.5935,0.593,0.522673,NA
"rs7663740",-0.0691,0.0405,0.0529,0.010835,0.0116,0.0023,0.0024,0.019844,-0.0072,0.0079,FALSE,0.594275562575716,0.5438,0.544,0.588747,NA
"rs995758",-0.0764,0.0366,0.0707,0.027897,0.0116,0.0024,0.0024,0.020041,0.0014,0.0079,FALSE,0.404620022885001,0.3975,0.398,0.468572,NA
"rs10005540",-0.0209,0.0144,-0.0041,0.03327,0.0119,0.0024,0.0025,0.020188,0.005,0.0081,FALSE,0.643456880505466,0.6145,0.615,0.620979,NA
"rs2333570",0.0166,-0.0032,-0.017,-0.002877,0.0146,0.0027,0.0027,0.021774,0.0216,0.0104,TRUE,0.261318399144492,0.2502,0.25,0.263605,NA
"rs11739847",0.0315,-0.021,-0.0179,0.004767,0.0164,0.0029,0.003,0.026419,-0.013,0.01,FALSE,0.138115166087595,0.1992,0.199,0.170526,NA
"rs11738281",-0.0367,0.0207,0.0183,-0.007812,0.0156,0.0029,0.003,0.026469,0.013,0.0103,FALSE,0.841041681579999,0.7989,0.799,0.828732,NA
"rs61603681",0.0018,0.01,0.0172,0.003913,0.0128,0.0024,0.0025,0.020507,0.0161,0.0082,TRUE,0.279697966544299,0.3491,0.349,0.340856,NA
"rs268717",0.0121,-0.0307,-4e-04,0.013318,0.0162,0.004,0.0041,0.033233,0.0032,0.0135,FALSE,0.826695791107753,0.9074,0.907,0.908727,NA
"rs12189242",-0.0285,0.0026,0.0185,0.010047,0.0146,0.0027,0.0027,0.022604,-0.0033,0.0091,FALSE,0.190139750796442,0.2475,0.247,0.237554,NA
"rs12522114",-0.01,-0.0154,-0.0367,-0.006054,0.0139,0.0027,0.0027,0.023158,-0.002,0.0089,FALSE,0.212938082608583,0.265,0.265,0.235801,NA
"rs3212656",0.0101,-0.0244,-0.0161,-0.02971,0.0145,0.0029,0.0029,0.023311,-0.0065,0.0096,FALSE,0.813877523782974,0.7891,0.789,0.776297,NA
"rs335651",-0.0217,0.0057,0.0146,-0.021858,0.0114,0.0024,0.0024,0.019606,0.0011,0.0079,FALSE,0.555246458688837,0.5797,0.58,0.559391,NA
"rs425102",0.0021,0.0159,-0.0075,0.013638,0.0142,0.0027,0.0028,0.024567,0.0243,0.0094,FALSE,0.806342093346296,0.7597,0.76,0.797116,NA
"rs987068",0.0396,-0.0036,-0.0296,0.001765,0.014,0.0025,0.0026,0.022159,0.0146,0.0084,TRUE,0.780350657967711,0.6889,0.689,0.717507,NA
"rs2545675",-0.0221,0.0153,0.0131,-0.004886,0.0116,0.0024,0.0024,0.020076,0.0036,0.0079,FALSE,0.594334872793454,0.5213,0.522,0.574045,NA
"rs377731",0.0396,-0.0142,-0.0185,0.016239,0.0128,0.0024,0.0025,0.022097,-0.013,0.0084,FALSE,0.281257872769195,0.3797,0.379,0.301355,NA
"rs12517895",0.0283,-0.0037,-0.0209,-0.003351,0.0117,0.0024,0.0024,0.020019,0.0118,0.0079,TRUE,0.389808042325954,0.442,0.442,0.442319,NA
"rs840467",0.0028,0.0031,0.0301,0.008041,0.0153,0.003,0.0031,0.02579,0.0074,0.0101,FALSE,0.162834069805573,0.188,0.188,0.174236,NA
"rs11241689",0.0066,-0.0173,-0.0088,-0.010229,0.0113,0.0024,0.0024,0.019877,0.0045,0.0079,FALSE,0.440041300688022,0.4388,0.439,0.435769,NA
"rs7713065",0.0495,-0.0063,-0.0285,0.010066,0.0124,0.0027,0.0027,0.021653,0.0039,0.0088,FALSE,0.295452249646868,0.2646,0.265,0.304746,NA
"rs864354",0.0285,0.0075,-0.0142,0.037248,0.0118,0.0024,0.0024,0.01952,-0.0021,0.0079,FALSE,0.52950281969582,0.4335,0.434,0.450984,NA
"rs7733410",-0.0495,0.0342,0.0505,-0.003838,0.0116,0.0024,0.0024,0.019923,-0.003,0.0081,FALSE,0.498825625144437,0.4407,0.441,0.418313,NA
"rs13361953",-0.047,0.0258,0.0412,0.013391,0.0124,0.0025,0.0025,0.020646,-0.0122,0.0083,FALSE,0.704757790654259,0.6645,0.664,0.646428,NA
"rs72643433",0.0113,-0.019,0.0049,-0.059473,0.013,0.0027,0.0028,0.022893,0.0253,0.0089,FALSE,0.253317441541471,0.251,0.251,0.242298,NA
"rs10059996",0.0249,-0.0139,-0.0352,-0.000211,0.012,0.0025,0.0026,0.020992,0.0105,0.0088,FALSE,0.436152616699036,0.3548,0.355,0.345739,NA
"rs11747434",-0.0047,-0.0156,-0.0028,-0.019036,0.0123,0.0026,0.0027,0.021579,-0.018,0.0087,FALSE,0.685865905154611,0.722,0.722,0.714296,NA
"rs79898473",-0.0085,-0.014,-0.0308,0.025146,0.0126,0.0025,0.0026,0.022146,3e-04,0.0087,FALSE,0.711324712235747,0.671,0.671,0.712814,NA
"rs9503208",0.0068,-0.0162,-0.002,0.004705,0.0117,0.0023,0.0024,0.019817,-0.0068,0.0078,FALSE,0.426298783822495,0.4895,0.489,0.490349,NA
"rs1294417",0.0356,-0.0067,-0.0311,-0.002848,0.013,0.0023,0.0024,0.019385,-0.0095,0.0078,FALSE,0.448539714823537,0.4577,0.458,0.434772,NA
"rs10498672",0.0214,0.0309,-0.0034,0.008434,0.0165,0.003,0.0031,0.025098,-0.0082,0.0102,TRUE,0.81135552288663,0.8227,0.823,0.81112,NA
"rs9350191",0.034,-0.0236,-0.0229,0.015988,0.0176,0.0033,0.0033,0.027855,-0.0028,0.0123,FALSE,0.880690758395605,0.8478,0.848,0.846036,NA
"rs1928160",0.0028,-0.0072,-0.0296,0.009723,0.0118,0.0023,0.0024,0.019345,-0.0167,0.0078,FALSE,0.425485614768529,0.5155,0.515,0.490747,NA
"rs4712936",-0.0273,0.0372,0.0272,-0.027084,0.0248,0.0042,0.0043,0.044457,0.0084,0.0165,FALSE,0.926945131029028,0.9155,0.916,0.944532,NA
"rs9262120",0.0384,-0.0422,-0.0395,-0.00937,0.0189,0.0032,0.0033,0.033197,-0.0059,0.0134,FALSE,0.128247287119222,0.1633,0.163,0.112584,NA
"rs2070600",-0.0777,0.0318,0.145,0.051903,0.0206,0.0048,0.0049,0.040311,0.0056,0.0185,FALSE,0.0859453034398964,0.0629,0.0629,0.06255,NA
"rs62398918",0.0039,0.0227,0.0131,0.026781,0.023,0.0039,0.004,0.040515,-0.0057,0.0142,FALSE,0.0845852966343642,0.0973,0.0971,0.063794,NA
"rs9357446",0.0045,-0.0134,0.0011,-0.016669,0.0121,0.0023,0.0024,0.019389,-0.0198,0.0079,FALSE,0.610025729459029,0.5169,0.517,0.51898,NA
"rs12202314",0.0266,-0.0049,-0.0209,-0.029728,0.0126,0.0025,0.0025,0.020845,0.0011,0.0085,FALSE,0.713915504444799,0.6753,0.675,0.670767,NA
"rs115830429",-0.0902,0.0412,0.0586,0.076552,0.0447,0.0078,0.008,0.081004,-0.0262,0.0295,FALSE,0.0209038422541224,0.0237,0.0237,0.016438,NA
"rs2894837",-0.0117,0.0175,0.0147,0.008617,0.0122,0.0024,0.0025,0.020937,-0.014,0.0082,FALSE,0.670416067221966,0.6398,0.64,0.686984,NA
"rs9351958",0.0257,0.0049,0.0345,0.005921,0.0189,0.0029,0.003,0.027407,0.0186,0.0096,TRUE,0.200411188730608,0.2014,0.202,0.219539,NA
"rs12212123",-0.0262,0.0263,0.0127,0.013056,0.0185,0.0039,0.0039,0.03025,0.017,0.0128,FALSE,0.896760770810556,0.8957,0.896,0.885789,NA
"rs17513531",-0.0377,0.0068,0.0162,0.03882,0.0136,0.0025,0.0025,0.021378,-0.0129,0.0083,FALSE,0.244630631529369,0.3446,0.344,0.297563,NA
"rs2806356",-0.0358,0.0322,0.0445,-0.00371,0.0143,0.003,0.0031,0.026199,0.0022,0.0102,FALSE,0.806426659535374,0.8153,0.815,0.833132,NA
"rs2798641",0.0352,-0.0322,-0.045,0.003824,0.0144,0.003,0.0031,0.026193,-0.0048,0.0103,FALSE,0.192050140577749,0.1829,0.183,0.166211,NA
"rs674621",-0.0221,0.0179,0.0161,-0.046173,0.0119,0.0025,0.0026,0.020409,-0.0011,0.0084,FALSE,0.654913288548131,0.6809,0.681,0.665067,NA
"rs57347370",-0.0129,0.0121,0.016,-0.051294,0.0175,0.0027,0.0027,0.02532,-0.0054,0.009,FALSE,0.255965626936167,0.2569,0.257,0.285109,NA
"rs7753563",0.0358,-0.0201,4e-04,0.030785,0.0149,0.0028,0.0028,0.02178,1e-04,0.0093,FALSE,0.186802601141409,0.2323,0.232,0.275152,NA
"rs9321207",0.0097,-0.0033,-0.0153,-0.009057,0.0116,0.0024,0.0024,0.019744,0.0133,0.008,FALSE,0.387892163225343,0.4188,0.419,0.399525,NA
"rs1102077",-0.0061,0.0215,0.0168,0.030827,0.0143,0.0027,0.0028,0.024171,0.0019,0.0094,FALSE,0.718009137401622,0.7574,0.757,0.789831,NA
"rs9385988",0.0658,-0.0279,-0.0315,0.013033,0.0126,0.0026,0.0027,0.021126,-0.0013,0.0087,FALSE,0.569568342272927,0.7232,0.723,0.683636,NA
"rs7753012",0.011,-0.0251,-0.0712,-0.011378,0.0126,0.0025,0.0026,0.020999,1e-04,0.0086,FALSE,0.580678195422103,0.6949,0.695,0.689295,NA
"rs6904757",-0.0303,0.0157,2e-04,-0.013642,0.0117,0.0024,0.0025,0.020385,-0.0186,0.0082,FALSE,0.566272934915755,0.634,0.634,0.621668,NA
"rs17812980",0.0163,0.0135,0.0036,0.005404,0.0128,0.0023,0.0024,0.019209,0.0055,0.0079,FALSE,0.380890281011889,0.5033,0.503,0.519867,NA
"rs661857",-0.0104,-0.0148,0.0015,-0.018188,0.0113,0.0023,0.0024,0.019681,0.0094,0.0078,FALSE,0.498926986837512,0.5156,0.515,0.491969,NA
"rs3253",0.0112,0.0162,-0.001,0.038226,0.012,0.0025,0.0026,0.020826,-0.0062,0.0084,FALSE,0.323597608994331,0.3141,0.314,0.325917,NA
"rs4724960",-0.0301,0.0159,0.0165,0.019188,0.0126,0.0025,0.0025,0.01991,-0.0016,0.0083,FALSE,0.503427708948344,0.6628,0.663,0.610903,NA
"rs11771259",-0.0178,0.0199,0.0275,0.019758,0.0166,0.0036,0.0036,0.02807,-0.0197,0.0119,TRUE,0.861321175695733,0.8807,0.881,0.864272,NA
"rs4721457",0.0101,0.0118,0.0244,-0.046249,0.0166,0.0032,0.0033,0.02375,0.0047,0.0108,FALSE,0.861168069746013,0.8494,0.849,0.791852,NA
"rs7806296",0.0237,-0.019,-0.0062,0.021408,0.0116,0.0024,0.0025,0.020184,0.0027,0.0082,FALSE,0.409874051486464,0.36,0.36,0.366243,NA
"rs3779505",-0.0155,0.0147,0.0277,0.042396,0.0159,0.0038,0.0039,0.031133,-0.0121,0.0127,FALSE,0.171941491056774,0.1013,0.101,0.10607,NA
"rs2040732",-0.0145,0.0148,0.0129,-0.018536,0.0115,0.0024,0.0024,0.019911,-3e-04,0.0079,FALSE,0.419999534674724,0.4167,0.417,0.449071,NA
"rs1391805",0.03,-0.0127,-0.019,0.029902,0.0145,0.0027,0.0028,0.023289,0.006,0.0092,FALSE,0.810391529227767,0.7607,0.761,0.777817,NA
"rs849135",-0.0097,0.0198,0.0051,0.021916,0.0129,0.0023,0.0024,0.01939,0.01,0.0078,FALSE,0.361836352298122,0.4999,0.5,0.479867,NA
"rs6462481",0.0128,-0.0161,-0.0109,0.054728,0.0139,0.0028,0.0028,0.023169,-0.0025,0.0093,FALSE,0.205857900800485,0.2314,0.231,0.225229,NA
"rs11766096",0.0184,-0.0187,-0.0036,-0.007316,0.0116,0.0023,0.0024,0.019566,-0.0042,0.0078,TRUE,0.557379251549635,0.4956,0.496,0.484464,NA
"rs113336697",-0.0395,0.0149,0.0262,0.015778,0.0243,0.0042,0.0042,0.040287,-0.0117,0.0149,FALSE,0.0777389517351232,0.0888,0.0887,0.067766,NA
"rs12707691",-0.0042,-0.0205,-0.011,0.021213,0.0135,0.0025,0.0025,0.021639,-0.0162,0.0084,TRUE,0.75731857783283,0.6642,0.664,0.705094,NA
"rs73158411",-0.0267,0.0068,0.023,0.000594,0.0116,0.0024,0.0025,0.020414,0.0063,0.0081,FALSE,0.388648645893579,0.3681,0.368,0.376239,NA
"rs4730073",-0.0163,0.014,0.008,-0.040003,0.0121,0.0024,0.0025,0.024694,-0.0124,0.0082,FALSE,0.681496903486152,0.6432,0.643,0.666334,NA
"rs12705390",-0.016,-0.0057,-0.0173,-0.015534,0.0143,0.0029,0.003,0.022241,0.0167,0.0095,FALSE,0.195945572323376,0.2005,0.201,0.259556,NA
"rs193686",-0.0226,-0.0048,-0.0178,0.020876,0.013,0.0025,0.0026,0.021414,-0.0139,0.0085,FALSE,0.739415301943555,0.6834,0.684,0.705581,NA
"rs1452909",0.0173,-1e-04,-0.0185,0.031827,0.0143,0.0027,0.0028,0.022592,-0.0119,0.0089,FALSE,0.199153350365099,0.2514,0.251,0.256298,NA
"rs4726715",0.0027,-0.0138,-0.0083,-0.005047,0.0126,0.0024,0.0024,0.019449,-0.0023,0.0078,FALSE,0.374993982871619,0.4786,0.478,0.485833,NA
"rs12698403",-0.0097,-0.0274,-0.0236,0.062777,0.0114,0.0024,0.0024,0.019567,-0.0044,0.008,FALSE,0.431113498443056,0.4418,0.442,0.441759,NA
"rs330925",0.0342,-0.0171,-0.0221,-0.024013,0.0132,0.0026,0.0026,0.022232,0.0025,0.009,FALSE,0.410242579154811,0.3092,0.309,0.305391,NA
"rs330939",-0.0336,0.0109,0.0232,0.03038,0.0122,0.0024,0.0025,0.020486,-0.0082,0.0084,FALSE,0.495174012054394,0.6216,0.621,0.550375,NA
"rs34944514",0.0763,-0.0072,-0.0118,-0.021528,0.0136,0.0025,0.0025,0.021737,-3e-04,0.0087,FALSE,0.467060158298466,0.4357,0.436,0.504787,NA
"rs2285261",-5e-04,0.0011,0.0191,-0.0208,0.0115,0.0024,0.0024,0.019656,0.0182,0.0081,FALSE,0.408458840045631,0.3838,0.384,0.411522,NA
"rs2410447",-0.0043,-0.0053,-0.0152,-0.00671,0.0117,0.0024,0.0025,0.020693,-0.0061,0.0082,FALSE,0.390475435002571,0.3529,0.353,0.336805,NA
"rs4737183",-0.003,-0.0148,0.0027,-0.003059,0.0117,0.0024,0.0024,0.019549,0.0139,0.0078,FALSE,0.431815393390938,0.5264,0.526,0.473167,NA
"rs1441207",0.0039,0.0217,0.0181,-0.011514,0.0124,0.0027,0.0027,0.021293,-0.006,0.0088,TRUE,0.317577811143645,0.26,0.26,0.286775,NA
"rs6996156",-0.0043,-0.0086,-0.0147,-0.012433,0.0119,0.0024,0.0024,0.019925,0.0202,0.0081,FALSE,0.64044540450318,0.5966,0.597,0.603923,NA
"rs659398",0.021,-0.0175,-0.0254,0.003516,0.0122,0.0027,0.0027,0.021548,-0.0013,0.0088,FALSE,0.325405077611606,0.2719,0.272,0.292088,NA
"rs4478547",-0.0194,0.012,0.0194,0.014909,0.0118,0.0025,0.0025,0.020793,-0.0133,0.0082,FALSE,0.398778180718034,0.3531,0.353,0.33334,NA
"rs12679101",0.0066,0.015,0.0162,0.043019,0.0139,0.0027,0.0028,0.0214,-0.0043,0.0088,FALSE,0.778618861143189,0.7471,0.747,0.704878,NA
"rs6470085",-0.0154,9e-04,0.0142,-0.0222,0.0126,0.0023,0.0024,0.019781,-0.0105,0.0078,FALSE,0.350186186683633,0.4636,0.464,0.449912,NA
"rs6470697",0.011,-0.0283,-0.0229,0.012242,0.0174,0.0039,0.004,0.034565,-0.0036,0.013,FALSE,0.858193956271003,0.9014,0.901,0.912584,NA
"rs5027392",0.0066,0.0032,0.0147,0.031568,0.0126,0.0024,0.0025,0.020645,0.002,0.008,FALSE,0.302395752663544,0.3896,0.389,0.342861,NA
"rs7838717",0.0022,-0.0217,8e-04,-0.010449,0.0122,0.0025,0.0025,0.020474,-0.004,0.0084,FALSE,0.434168854109117,0.3631,0.363,0.31786,NA
"rs2095024",3e-04,0.0166,0.0035,-0.002656,0.0123,0.0024,0.0024,0.020545,-0.0042,0.008,FALSE,0.673177358259563,0.5882,0.588,0.644214,NA
"rs1570203",-0.0268,0.0214,0.0246,0.012498,0.0122,0.0023,0.0024,0.01973,-8e-04,0.0078,FALSE,0.637579062671968,0.5296,0.53,0.578262,NA
"rs4741893",0.0214,-0.0229,-0.0243,-0.020152,0.0125,0.0024,0.0024,0.020293,-0.0039,0.0079,TRUE,0.32000594850736,0.415,0.415,0.360208,NA
"rs4247294",0.0033,0.0063,-0.0135,-0.032005,0.0114,0.0023,0.0024,0.019736,-0.0202,0.0079,FALSE,0.495978070914499,0.44,0.44,0.463514,NA
"rs201191",-0.0222,0.0168,0.0221,-0.016982,0.012,0.0023,0.0024,0.019884,0.0012,0.0079,FALSE,0.408967725208248,0.4858,0.486,0.481801,NA
"rs7048006",-0.0159,0.007,0.0141,0.003403,0.0115,0.0024,0.0024,0.019862,0.0117,0.008,FALSE,0.542940866959733,0.5866,0.587,0.607819,NA
"rs1593438",-0.0203,-0.0036,-0.0171,-0.047212,0.0133,0.0025,0.0025,0.020255,-0.0122,0.0082,FALSE,0.722585797104612,0.6522,0.652,0.606984,NA
"rs750188",0.007,-0.0144,-0.0029,0.002479,0.0123,0.0023,0.0024,0.019688,0.0045,0.0079,TRUE,0.625961229578763,0.5035,0.504,0.538326,NA
"rs3118008",-0.0199,0.0162,0.0086,0.025194,0.017,0.0026,0.0027,0.025987,0.0129,0.0087,FALSE,0.276501280995652,0.2768,0.277,0.266911,NA
"rs10156602",0.0037,0.0033,0.0148,0.016661,0.0118,0.0024,0.0025,0.020367,-0.0125,0.0081,FALSE,0.629235723872866,0.6364,0.636,0.623266,NA
"rs16909922",-0.0304,-0.0164,0.0514,-0.023874,0.0193,0.004,0.0041,0.032155,-0.0048,0.0127,FALSE,0.905887782147636,0.9052,0.905,0.90004,NA
"rs12115436",0.0103,0.0226,0.0231,0.003293,0.0148,0.0031,0.0032,0.025276,-0.0052,0.0105,FALSE,0.177778678662075,0.1671,0.167,0.181994,NA
"rs10819770",0.0127,-0.0137,-0.0066,0.006186,0.0119,0.0023,0.0024,0.019672,0.0141,0.0079,TRUE,0.398795602875289,0.4937,0.494,0.461548,NA
"rs60568503",-0.034,0.0087,0.0247,0.009933,0.0117,0.0024,0.0025,0.020104,-0.0095,0.0081,FALSE,0.363325786401405,0.3755,0.376,0.380006,NA
"rs7854043",0.0026,0.013,0.0029,0.018652,0.0123,0.0024,0.0024,0.01961,-0.0044,0.0078,TRUE,0.642508991984072,0.539,0.539,0.554599,NA
"rs10983184",-0.0208,0.0185,0.0273,0.027857,0.0118,0.0025,0.0025,0.020797,-7e-04,0.0082,FALSE,0.618326965690551,0.6404,0.64,0.657674,NA
"rs803909",-0.01,0.0212,0.0239,0.000303,0.0121,0.0024,0.0024,0.019951,-0.0051,0.0079,FALSE,0.358296980812934,0.4591,0.459,0.403988,NA
"rs10987386",0.0329,-0.0145,-0.0259,0.048304,0.0165,0.003,0.0031,0.024053,-0.0075,0.01,FALSE,0.140600462219595,0.187,0.187,0.198268,NA
"rs61482805",0.0241,0.0178,-0.0063,0.01074,0.0124,0.0025,0.0025,0.020615,-0.0173,0.0084,TRUE,0.70461828466218,0.6696,0.67,0.665799,NA
"rs7093310",-0.0065,0.0049,0.034,0.044187,0.0209,0.0039,0.004,0.03269,-0.0121,0.0129,FALSE,0.920843554852922,0.9022,0.902,0.899731,NA
"rs2271804",-0.0242,0.0338,0.0401,-0.006225,0.0114,0.0023,0.0024,0.019635,-0.0123,0.0078,FALSE,0.500960884750926,0.5298,0.53,0.519541,NA
"rs7090277",-0.0285,0.0336,0.0409,-0.012111,0.0113,0.0023,0.0024,0.019606,-0.0145,0.0079,TRUE,0.493492314822696,0.5165,0.516,0.510148,NA
"rs4748734",0.0279,-0.014,-0.0143,0.007228,0.0121,0.0025,0.0026,0.021503,0.0148,0.0085,FALSE,0.636552964280659,0.6931,0.693,0.710859,NA
"rs35495115",-0.0234,0.0135,0.0206,0.012952,0.0161,0.0034,0.0035,0.027904,-0.005,0.0116,TRUE,0.85680711454654,0.8652,0.865,0.850066,NA
"rs211401",-7e-04,-0.0145,-0.0076,-0.00026,0.012,0.0024,0.0025,0.020327,0.0045,0.0081,FALSE,0.669067408859397,0.6344,0.634,0.661791,NA
"rs58095595",0.0043,0.0135,0.0192,0.012676,0.0148,0.0032,0.0032,0.025775,0.0022,0.0115,FALSE,0.185030701342166,0.1717,0.172,0.182129,NA
"rs1274475",-0.0132,0.0011,0.0168,0.007076,0.0152,0.0024,0.0025,0.019773,0.0047,0.0082,FALSE,0.27909020647279,0.3922,0.392,0.425256,NA
"rs2393728",-0.0151,-0.0139,0.0026,-0.030695,0.0116,0.0024,0.0024,0.019857,0.0126,0.0079,FALSE,0.393260651835094,0.4214,0.421,0.400172,NA
"rs7092539",-0.0197,-0.0222,-0.0091,0.002066,0.0139,0.003,0.0031,0.025328,0.0121,0.01,FALSE,0.786149801908751,0.815,0.815,0.810209,NA
"rs7896518",0.0054,0.0154,0.0161,0.012538,0.0129,0.0024,0.0024,0.02031,-0.0154,0.0079,FALSE,0.559044849594244,0.573,0.573,0.601441,NA
"rs10824305",0.0202,-0.0022,-0.0143,0.015468,0.0115,0.0024,0.0024,0.02017,0.0062,0.0081,TRUE,0.431523619553274,0.4167,0.417,0.3955,NA
"rs2579762",-0.0172,0.0289,0.0205,0.033488,0.0119,0.0023,0.0024,0.019548,0.0072,0.0078,FALSE,0.54567908211789,0.5276,0.527,0.511338,NA
"rs1815314",-0.0061,0.0155,0.0016,-0.001576,0.0118,0.0024,0.0024,0.019143,-0.0148,0.0079,FALSE,0.369713268666914,0.4192,0.419,0.428359,NA
"rs1855971",-0.007,0.0045,0.0191,0.04105,0.016,0.0032,0.0032,0.027484,-0.0018,0.0107,FALSE,0.854982428863318,0.8354,0.835,0.850204,NA
"rs4918429",-0.0029,0.0149,-4e-04,0.01725,0.0131,0.0024,0.0025,0.020583,-0.0112,0.0082,TRUE,0.72150703833416,0.6236,0.624,0.649525,NA
"rs2489009",0.0245,-0.0134,4e-04,-0.000535,0.0122,0.0024,0.0024,0.01981,0.0098,0.008,FALSE,0.633266934427045,0.5477,0.548,0.558134,NA
"rs11596235",-0.0013,-0.0048,-0.0143,0.000119,0.0131,0.0025,0.0026,0.021204,-0.0026,0.0088,FALSE,0.253086085916154,0.3088,0.309,0.295469,NA
"rs10748849",-0.0185,0.0058,0.0178,0.041712,0.0116,0.0024,0.0024,0.019708,-1e-04,0.0081,FALSE,0.389798686932524,0.3931,0.393,0.419073,NA
"rs11191841",0.0179,-0.0168,-0.0092,0.015869,0.0114,0.0023,0.0024,0.019444,-0.0145,0.0078,FALSE,0.516672480920292,0.4914,0.491,0.445474,NA
"rs12781987",0.0075,-0.0067,-0.0201,0.002701,0.0131,0.0029,0.0029,0.022759,0.0046,0.0098,FALSE,0.252172467247313,0.2174,0.217,0.237229,NA
"rs7906816",0.0142,-0.0312,-0.0284,0.036232,0.0242,0.005,0.0051,0.043911,0.0057,0.0173,FALSE,0.941443326482657,0.9426,0.943,0.948545,NA
"rs11042775",-0.0014,0.0094,0.0145,0.03249,0.0125,0.0024,0.0025,0.020962,0,0.0084,FALSE,0.295627164036531,0.3558,0.356,0.328331,NA
"rs7949728",-0.038,0.0152,-0.0031,-0.004796,0.0119,0.0024,0.0024,0.020375,-0.0065,0.008,TRUE,0.644908052152374,0.5902,0.59,0.645181,NA
"rs10831984",0.0099,-0.013,-0.0234,-0.02786,0.0128,0.0023,0.0024,0.019459,5e-04,0.0079,FALSE,0.540071090487392,0.5458,0.546,0.552292,NA
"rs149333984",-0.0337,0.036,0.0208,-0.042277,0.0355,0.006,0.0061,0.063047,-0.0244,0.0212,FALSE,0.0346269898521385,0.0406,0.0406,0.026967,NA
"rs10836366",-0.0095,0.0108,0.0191,0.000645,0.0126,0.0027,0.0027,0.021514,0.0185,0.009,FALSE,0.718671156708241,0.7486,0.749,0.715058,NA
"rs7116641",-0.0294,0.0185,-1e-04,-0.022689,0.0128,0.0025,0.0025,0.020742,-0.0288,0.0085,FALSE,0.728397986286596,0.6829,0.683,0.683575,NA
"rs10838435",0.0021,0.0211,0.0096,0.026969,0.0146,0.0033,0.0034,0.026759,-0.0011,0.0112,TRUE,0.252924051074337,0.1439,0.144,0.152682,NA
"rs76525968",0.0268,-0.0103,-0.0175,0.032033,0.0173,0.0026,0.0027,0.021352,-0.0064,0.0089,FALSE,0.267051486722547,0.268,0.268,0.283813,NA
"rs2167356",0.0111,-0.0131,-0.0089,0.040434,0.0116,0.0024,0.0024,0.019443,0.0091,0.0079,TRUE,0.600065931259487,0.579,0.579,0.556545,NA
"rs71490394",-0.025,0.0264,0.0108,0.01726,0.0133,0.0024,0.0025,0.021545,-0.0176,0.0082,FALSE,0.260094145789465,0.3671,0.367,0.300037,NA
"rs2027761",-0.0422,0.0282,0.0369,0.015361,0.0185,0.0037,0.0038,0.02916,0.0054,0.012,FALSE,0.102665244771187,0.113,0.113,0.132557,NA
"rs117261012",-0.017,0.0241,0.0291,-0.016089,0.0177,0.0032,0.0033,0.027367,-0.0145,0.0105,FALSE,0.882164429020967,0.842,0.842,0.848414,NA
"rs11234768",-0.017,0.0239,0.0303,-0.010542,0.0177,0.0032,0.0033,0.027376,-0.0109,0.0106,FALSE,0.885506823382465,0.8458,0.846,0.851819,NA
"rs594476",0.0053,0.0053,0.0182,0.009559,0.014,0.0026,0.0026,0.021776,-0.0056,0.0087,TRUE,0.777777522600602,0.7067,0.707,0.725346,NA
"rs898614",0.0112,0.0096,0.0151,-0.009632,0.0118,0.0025,0.0025,0.020348,0.0313,0.0083,FALSE,0.552573134298962,0.6483,0.648,0.619561,NA
"rs949076",-0.0148,-0.003,0.0156,0.029687,0.0138,0.0028,0.0028,0.02323,0.0174,0.0095,FALSE,0.210510998504432,0.2353,0.235,0.226566,NA
"rs3133084",-0.0018,0.0188,0.018,0.037947,0.014,0.0028,0.0028,0.021977,0.0144,0.0092,FALSE,0.581827007925785,0.7659,0.766,0.731267,NA
"rs4936101",0.0155,0.0138,0.004,0.008777,0.0115,0.0024,0.0024,0.019514,8e-04,0.0078,FALSE,0.417104356747902,0.4049,0.405,0.44028,NA
"rs7118465",0.0093,-0.0132,-0.0249,0.010847,0.0124,0.0025,0.0026,0.02079,0.002,0.0084,FALSE,0.553425831285402,0.6808,0.681,0.674042,NA
"rs7974933",0.034,9e-04,-0.023,-0.033376,0.017,0.0034,0.0034,0.029399,-0.0086,0.0117,FALSE,0.858497156224684,0.8571,0.857,0.868505,NA
"rs56196860",-0.0272,-0.0446,0.0063,0.076149,0.0404,0.0069,0.007,0.121112,0.0186,0.0269,FALSE,0.0260845031645232,0.0312,0.0312,0.016696,NA
"rs7306438",0.0051,-0.0134,-0.0156,-0.030089,0.0113,0.0023,0.0024,0.019825,0.007,0.0079,FALSE,0.451182304932991,0.4533,0.453,0.471745,NA
"rs10841302",-0.0062,0.0067,0.0167,-0.028188,0.0117,0.0023,0.0024,0.019564,0.0173,0.0078,TRUE,0.455710013310219,0.5464,0.546,0.541328,NA
"rs676274",-0.0089,0.014,0.016,0.001187,0.0122,0.0024,0.0024,0.019464,-6e-04,0.008,FALSE,0.450875699539971,0.5823,0.582,0.548842,NA
"rs35320030",0.0209,0.0055,0.0183,0.00779,0.0152,0.0031,0.0032,0.026332,0.0016,0.0106,FALSE,0.836310720068723,0.8319,0.832,0.839913,NA
"rs7977418",-0.0163,0.0322,-0.0045,0.003822,0.013,0.0023,0.0024,0.019767,0.0112,0.0079,FALSE,0.59076352813284,0.5415,0.542,0.552534,NA
"rs10771754",-0.0054,0.0158,0.0011,-0.063174,0.0129,0.0024,0.0024,0.023264,-0.004,0.0079,FALSE,0.561763487033432,0.5931,0.593,0.601513,NA
"rs2077177",0.0142,0.0015,0.0187,0.013585,0.0114,0.0024,0.0024,0.019802,0.0173,0.008,FALSE,0.523020615122798,0.5915,0.591,0.530688,NA
"rs705704",0.0169,-0.0155,-0.0146,0.021089,0.0124,0.0025,0.0025,0.020736,-0.0174,0.0084,FALSE,0.296498948361179,0.3403,0.34,0.323364,NA
"rs11172113",0.0054,-0.0082,-0.0227,-0.011662,0.012,0.0024,0.0024,0.019736,-0.003,0.0081,FALSE,0.649920787079807,0.5889,0.589,0.583507,NA
"rs11176001",-0.0062,-0.0291,-0.0151,-0.017838,0.0188,0.0035,0.0035,0.026758,-0.0113,0.0119,FALSE,0.136742746261587,0.1309,0.131,0.148009,NA
"rs10444582",0.0065,0.0159,0.0104,-0.011916,0.012,0.0025,0.0025,0.020809,-0.0044,0.0082,FALSE,0.673127695732288,0.6547,0.655,0.667933,NA
"rs1240293",-0.0165,0.0116,0.0138,-0.025862,0.0122,0.0024,0.0024,0.019878,-0.0094,0.008,TRUE,0.657731470074999,0.5768,0.577,0.59379,NA
"rs4074726",0.0099,0.0149,0.0042,0.029765,0.0127,0.0026,0.0026,0.022056,0.0014,0.0086,FALSE,0.26737445762192,0.2924,0.292,0.278791,NA
"rs7307510",-0.0418,0.0104,0.0439,-0.02386,0.0156,0.003,0.0031,0.027244,-0.0061,0.0104,FALSE,0.154111901555905,0.1873,0.187,0.151412,NA
"rs2195242",0.0088,0.0166,0.003,-0.053639,0.0123,0.0027,0.0027,0.02146,-0.0158,0.0089,FALSE,0.326216233359719,0.2623,0.263,0.285359,NA
"rs11525583",0.1401,-0.0161,-0.0057,-0.124094,0.0225,0.0095,0.0098,0.112855,-0.0153,0.033,FALSE,0.175194781270904,0.0163,0.0163,0.014621,NA
"rs2162319",-9e-04,-0.0256,-0.0184,-0.003974,0.0163,0.0031,0.0031,0.028325,-0.0034,0.0104,FALSE,0.860183564531139,0.8237,0.824,0.862224,NA
"rs11067615",-5e-04,-0.0128,-0.0162,0.00807,0.0118,0.0023,0.0024,0.023233,0.004,0.0079,FALSE,0.534874120329794,0.4871,0.487,0.451339,NA
"rs10773000",-0.026,-0.0139,-0.0081,-0.029247,0.0121,0.0025,0.0026,0.020677,0.0089,0.0083,FALSE,0.319608261290875,0.3325,0.333,0.348871,NA
"rs9533803",0.0227,-0.0132,-0.0261,0.031309,0.0131,0.0028,0.0029,0.023828,-0.0116,0.0095,FALSE,0.308371787723624,0.2134,0.213,0.215511,NA
"rs12875005",-0.0136,-0.0105,-0.0182,0.008412,0.0139,0.0025,0.0025,0.021687,0.0016,0.0085,FALSE,0.772901346862447,0.6805,0.681,0.706004,NA
"rs2812208",-0.0278,0.0612,0.0048,0.137131,0.0453,0.0081,0.0083,0.070938,0.0602,0.0267,TRUE,0.0213269288950699,0.0212,0.0212,0.020335,NA
"rs2875610",-0.0189,0.0197,-0.0072,0.00604,0.0121,0.0024,0.0025,0.02044,-0.004,0.0082,FALSE,0.680527705302434,0.6562,0.656,0.649431,NA
"rs9600261",-0.0243,0.0128,0.0207,0.054843,0.0157,0.003,0.0031,0.023418,0.0124,0.01,FALSE,0.158477804404398,0.1834,0.184,0.229077,NA
"rs4885681",0.0038,0.0186,0.0055,0.004882,0.0125,0.0026,0.0027,0.02183,0.0062,0.0089,FALSE,0.710072747433489,0.7248,0.725,0.732414,NA
"rs4884168",0.0045,0.0042,0.0139,-0.007209,0.0116,0.0025,0.0025,0.019481,-0.0067,0.0082,FALSE,0.593565754863146,0.6393,0.639,0.58744,NA
"rs11620380",0.0794,-0.0183,-0.027,0.032532,0.0208,0.0038,0.0039,0.031781,-0.0148,0.0132,FALSE,0.0789450135255377,0.1046,0.105,0.105779,NA
"rs9634470",0.0259,7e-04,-0.0208,0.011369,0.0147,0.0027,0.0027,0.022071,0.0277,0.009,FALSE,0.734809080075224,0.7347,0.735,0.738623,NA
"rs61963203",0.0405,-0.0298,-0.0517,0.073808,0.0419,0.0083,0.0084,0.058662,-0.0436,0.0285,FALSE,0.975046592786571,0.9785,0.979,0.97,NA
"rs4982712",0.007,-0.0113,-0.0189,-0.019297,0.012,0.0024,0.0024,0.019688,-0.0081,0.0081,FALSE,0.345375099136698,0.397,0.397,0.398698,NA
"rs7401714",0.0017,0.0027,0.0161,0.036737,0.0115,0.0023,0.0024,0.019811,0.0143,0.0079,FALSE,0.485993740580193,0.4261,0.426,0.432565,NA
"rs35107139",-0.0399,0.0061,0.0315,-0.024329,0.0118,0.0025,0.0025,0.024492,-0.001,0.0086,FALSE,0.562432171687122,0.5962,0.596,0.602741,NA
"rs177392",-0.0118,0.0011,0.0137,-0.019769,0.0117,0.0024,0.0025,0.020118,-0.0071,0.0082,FALSE,0.523463591111476,0.5952,0.595,0.573048,NA
"rs10141786",0.0025,0.0182,-0.0041,0.02339,0.0117,0.0024,0.0024,0.020415,-0.0103,0.0083,FALSE,0.370349939416334,0.4017,0.402,0.380387,NA
"rs1756281",-0.016,0.0125,0.0237,-0.029559,0.0123,0.0026,0.0026,0.02108,-0.0042,0.0085,FALSE,0.695385627589451,0.6987,0.699,0.697852,NA
"rs2003254",-0.0145,0.002,0.0152,0.006671,0.0131,0.0026,0.0027,0.022033,0.0111,0.0088,TRUE,0.753696978800116,0.7169,0.717,0.736622,NA
"rs11621587",-0.0516,0.0343,0.0023,-0.003899,0.0171,0.003,0.0031,0.027009,-0.024,0.0104,TRUE,0.170293679178064,0.1821,0.182,0.152716,NA
"rs8006310",-0.002,0.0139,0.0096,0.01321,0.0114,0.0024,0.0024,0.019891,0.0135,0.0079,FALSE,0.498011229605002,0.5525,0.552,0.510649,NA
"rs8030071",0.0063,0.0137,0.0105,-0.023639,0.0123,0.0024,0.0025,0.020422,0.0081,0.0082,FALSE,0.469379016685861,0.3545,0.355,0.340503,NA
"rs2304645",0.006,-0.0154,-5e-04,-0.011915,0.0118,0.0023,0.0024,0.01971,-0.0056,0.0078,TRUE,0.598773662083346,0.5179,0.518,0.558185,NA
"rs2012453",0.0011,0.0095,0.0239,0.001775,0.0131,0.0024,0.0024,0.019443,0.0202,0.0092,FALSE,0.421149565777157,0.4107,0.411,0.444067,NA
"rs1429555",-0.0513,0.0367,0.0508,-0.064964,0.0206,0.0046,0.0047,0.040261,0.0033,0.0151,FALSE,0.0855233074849787,0.0689,0.0689,0.062292,NA
"rs731052",-0.0348,0.0381,0.0498,-0.046406,0.0197,0.0046,0.0047,0.040464,-0.0079,0.0153,FALSE,0.0970290878034775,0.067,0.067,0.06117,NA
"rs10400826",0.0161,-0.0088,-0.0192,-0.009395,0.0136,0.003,0.003,0.02418,0.0154,0.01,FALSE,0.236275023054026,0.1887,0.189,0.201061,NA
"rs2445772",0.0092,-0.0153,-3e-04,-0.017313,0.0121,0.0025,0.0026,0.020822,0.0073,0.0084,TRUE,0.328968984139671,0.309,0.309,0.3548,NA
"rs17294280",-0.0564,0.0037,0.0199,-0.01538,0.0151,0.0028,0.0028,0.022339,0.0239,0.0093,FALSE,0.73862230722344,0.7459,0.746,0.725674,NA
"rs1441358",-0.0176,0.0232,0.0642,-0.00472,0.0124,0.0025,0.0025,0.020598,-7e-04,0.0083,FALSE,0.702193364158472,0.6642,0.664,0.674159,NA
"rs8033889",0.0307,-0.0301,-0.0714,0.037687,0.0148,0.0028,0.0029,0.022937,-0.0018,0.0095,FALSE,0.180368604698726,0.2192,0.219,0.227607,NA
"rs9788721",-0.1548,0.0222,0.015,-0.127962,0.012,0.0025,0.0025,0.020517,-0.0306,0.0082,FALSE,0.660708799161043,0.6594,0.659,0.636222,NA
"rs72740955",0.1543,-0.0222,-0.0146,0.141917,0.0135,0.0025,0.0025,0.02065,0.0275,0.0082,FALSE,0.252318655690631,0.3336,0.334,0.348922,NA
"rs1896797",-0.0298,0.0218,0.0292,0.036467,0.0113,0.0023,0.0024,0.019538,0.0035,0.0079,FALSE,0.521621630614221,0.4904,0.49,0.48672,NA
"rs28490195",-0.0077,0.0073,0.0142,-0.019076,0.0118,0.0025,0.0025,0.020517,-0.0077,0.0082,FALSE,0.621897048186776,0.6634,0.663,0.662152,NA
"rs8039637",0.0248,-0.0186,-0.0264,0.040134,0.0167,0.0034,0.0035,0.029112,0.013,0.0114,FALSE,0.130784632349653,0.1367,0.137,0.133192,NA
"rs3751837",-6e-04,-0.0235,0.0108,0.024634,0.0134,0.0028,0.0029,0.023642,0.0016,0.0095,FALSE,0.240245090664021,0.2202,0.22,0.214477,NA
"rs7198383",0.0012,0.0155,-0.0024,0.013752,0.0122,0.0025,0.0026,0.020728,-0.0038,0.0084,FALSE,0.684805376008801,0.6825,0.682,0.67007,NA
"rs78442819",0.027,-0.0064,-0.0355,0.016446,0.0148,0.003,0.0031,0.024264,0.007,0.0102,TRUE,0.190113468244543,0.1997,0.2,0.24025,NA
"rs61764202",-0.0331,0.0079,0.0164,0.005972,0.012,0.0025,0.0025,0.02056,-0.0261,0.0085,FALSE,0.429232943640054,0.3272,0.327,0.364105,NA
"rs4889599",-0.0358,0.0222,0.0098,-0.035055,0.0127,0.0024,0.0024,0.019938,-0.0055,0.0081,FALSE,0.70410148675331,0.6284,0.628,0.630216,NA
"rs76219171",-0.0121,-0.0283,0.0089,-0.069642,0.0289,0.005,0.0051,0.045445,-0.0113,0.0183,FALSE,0.053294687305185,0.0601,0.06,0.051612,NA
"rs6500126",-0.0186,0.0144,0.0038,0.003841,0.012,0.0025,0.0025,0.019917,-0.025,0.0082,FALSE,0.457825572934638,0.3388,0.339,0.389349,NA
"rs35420030",0.0229,-0.0187,-0.045,-0.032777,0.0254,0.0052,0.0053,0.036294,0.0041,0.0173,FALSE,0.928756759272106,0.9466,0.947,0.909793,NA
"rs11648508",-0.0264,0.0107,0.0332,-0.015242,0.0119,0.0025,0.0026,0.020763,-0.0077,0.0085,FALSE,0.64850743340837,0.6832,0.683,0.674249,NA
"rs13332450",0.0727,-0.0052,-0.0385,-0.105768,0.0256,0.0045,0.0046,0.041538,-0.0243,0.0153,FALSE,0.931557139254278,0.9253,0.925,0.937961,NA
"rs811075",0.0086,0.0036,0.0144,0.032786,0.0118,0.0025,0.0025,0.020906,0.0069,0.0082,TRUE,0.386654055360832,0.3515,0.351,0.321412,NA
"rs12928722",-0.0135,0.023,0.0386,-0.006142,0.0114,0.0024,0.0024,0.019799,-0.0294,0.008,TRUE,0.424063988624433,0.4051,0.405,0.421295,NA
"rs2345443",-0.0293,0.0221,0.011,-0.004789,0.0125,0.0025,0.0026,0.02091,0.0086,0.0084,FALSE,0.28793913897382,0.3114,0.311,0.329944,NA
"rs12918140",4e-04,-0.0078,-0.027,0.004749,0.0166,0.0037,0.0038,0.032258,-0.0294,0.0123,TRUE,0.142009750341707,0.1146,0.115,0.09794,NA
"rs6539952",0.001,-0.017,-0.0159,-0.014226,0.0124,0.0027,0.0027,0.021176,-0.0102,0.0089,FALSE,0.371581968193441,0.2615,0.262,0.287409,NA
"rs78579285",-0.0129,-0.0205,-0.0074,0.011442,0.0166,0.003,0.0031,0.025614,-0.0032,0.0104,FALSE,0.183728912748813,0.182,0.182,0.174029,NA
"rs2760751",-0.0164,0.0074,0.0191,-0.022097,0.0124,0.0026,0.0027,0.021853,-0.0356,0.0088,FALSE,0.370470432976676,0.2716,0.272,0.270878,NA
"rs9912501",-0.0145,0.0066,0.0239,0.015111,0.0116,0.0023,0.0024,0.019573,-0.0021,0.0078,FALSE,0.445290845916157,0.5225,0.522,0.487819,NA
"rs4968200",-0.0035,-0.0219,-0.0127,0.00621,0.0154,0.0033,0.0034,0.029994,0.0125,0.0116,TRUE,0.172918227071499,0.1421,0.142,0.123359,NA
"rs11078321",-0.0147,0.0137,6e-04,-0.015514,0.0121,0.0023,0.0024,0.019789,-0.0122,0.0079,FALSE,0.573397518207547,0.4724,0.472,0.446566,NA
"rs12941356",-0.0253,-0.0017,0.0139,0.044633,0.0126,0.0024,0.0024,0.019763,0.0182,0.008,FALSE,0.555360533563504,0.4127,0.413,0.444641,NA
"rs2244592",0.0026,-0.0076,-0.0323,-0.01208,0.0115,0.0023,0.0024,0.019776,-0.0162,0.0079,FALSE,0.514986579096829,0.4526,0.453,0.462265,NA
"rs8067252",-0.0249,0.0192,-0.0022,-0.022914,0.0151,0.0028,0.0029,0.0227,0.0012,0.0097,FALSE,0.183834343610524,0.229,0.229,0.258488,NA
"rs11657029",0.0216,-0.0246,-0.0269,-0.054137,0.0156,0.003,0.003,0.027703,0.0256,0.0103,FALSE,0.154177865020439,0.1891,0.189,0.147908,NA
"rs35246838",-0.0202,0.0228,0.0386,0.060277,0.0194,0.0035,0.0036,0.029886,-0.0258,0.0121,FALSE,0.871046084732573,0.8681,0.868,0.873067,NA
"rs117827273",-0.0686,-0.0015,0.0262,-0.021259,0.0177,0.0033,0.0033,0.027261,-0.0247,0.0114,TRUE,0.844388553506425,0.8496,0.85,0.846324,NA
"rs79412431",0.0404,-0.0426,-0.0108,0.002431,0.0171,0.0029,0.0029,0.031936,0.0101,0.0106,FALSE,0.133057430057367,0.2161,0.216,0.145905,NA
"rs28519449",-0.0064,0.0205,0.0017,0.011941,0.0114,0.0024,0.0024,0.019619,-0.0048,0.0079,FALSE,0.437164354732031,0.4043,0.404,0.414413,NA
"rs8068952",0.0126,-0.0139,-0.0285,-0.013697,0.0144,0.0029,0.0029,0.023443,-0.0155,0.0096,TRUE,0.802648276319165,0.7839,0.784,0.778864,NA
"rs11653958",-0.0029,-0.0066,0.0197,0.004137,0.0136,0.0027,0.0028,0.022751,-0.0113,0.0089,FALSE,0.778360622213952,0.7425,0.743,0.752519,NA
"rs6501455",-0.0024,0.0296,0.0206,0.002075,0.0113,0.0023,0.0024,0.019987,0.0176,0.0079,FALSE,0.533987379871107,0.5015,0.502,0.571138,NA
"rs996865",0.0597,-0.021,-0.0475,-0.027722,0.0265,0.0045,0.0046,0.043572,-0.0063,0.0158,FALSE,0.0633798202444382,0.0753,0.0752,0.055551,NA
"rs62091797",-0.0069,-0.0258,-0.0121,0.041391,0.0192,0.0034,0.0035,0.035176,0.007,0.0113,FALSE,0.869661604216432,0.8629,0.863,0.870155,NA
"rs2703552",-0.027,0.0054,0.0201,0.017891,0.0162,0.0032,0.0033,0.02664,0.0347,0.011,FALSE,0.843814414889672,0.8343,0.834,0.824859,NA
"rs55916581",0.0143,-0.0151,-0.0039,-0.025304,0.0129,0.0026,0.0027,0.021955,0.0145,0.0088,FALSE,0.72081816797433,0.7364,0.736,0.724124,NA
"rs631126",0.0197,-0.0274,-0.0256,-0.019459,0.0127,0.0027,0.0027,0.022288,-0.0161,0.0092,FALSE,0.279453063430475,0.2502,0.25,0.249069,NA
"rs513953",0.0186,-0.0273,-0.0255,-0.020492,0.0126,0.0027,0.0027,0.022203,-0.0168,0.0092,FALSE,0.281990692062132,0.2542,0.254,0.251868,NA
"rs8089099",0.0081,0.0163,0.0235,-0.012775,0.0127,0.0026,0.0027,0.02191,1e-04,0.009,FALSE,0.26709215090764,0.2746,0.275,0.276869,NA
"rs4800410",0.0146,-0.0197,-0.0157,-0.028081,0.0131,0.0024,0.0024,0.020123,0.0014,0.0081,FALSE,0.576369195527008,0.5945,0.594,0.556201,NA
"rs303752",0.0333,-0.0154,-0.0011,0.008225,0.0126,0.0024,0.0024,0.019844,0.0245,0.0081,FALSE,0.328148346381887,0.409,0.409,0.418225,NA
"rs1424393",0.0126,0.0053,0.015,0.013898,0.0116,0.0024,0.0024,0.019756,0.0295,0.0093,TRUE,0.550409900169471,0.6222,0.622,0.584843,NA
"rs9807668",0.0047,0.0294,0.0252,0.024826,0.0206,0.004,0.0041,0.035511,-0.0105,0.0155,FALSE,0.0802633814727203,0.0946,0.0946,0.083448,NA
"rs62092156",0.0046,0.0293,0.0254,0.024133,0.0206,0.004,0.0041,0.03562,-0.001,0.0138,FALSE,0.0801995362399162,0.0942,0.0942,0.083156,NA
"rs2202572",-0.0016,0.0144,5e-04,0.022338,0.0134,0.0025,0.0025,0.021175,0.019,0.0084,FALSE,0.244011150493812,0.3289,0.329,0.296849,NA
"rs3752243",-0.0252,0.0048,0.0136,0.034659,0.0114,0.0023,0.0024,0.019744,0.0038,0.0081,FALSE,0.573377595333723,0.5701,0.57,0.548132,NA
"rs552320",0.0175,-0.0164,-0.0014,0.008004,0.0122,0.0025,0.0026,0.021056,0.0056,0.0084,FALSE,0.316714833027932,0.309,0.309,0.374503,NA
"rs11085744",0.0143,-0.0153,-0.0098,0.019049,0.0117,0.0024,0.0024,0.01933,7e-04,0.0081,FALSE,0.484345482845588,0.5595,0.559,0.561194,NA
"rs2909",-0.0234,0.0238,0.0358,-0.01675,0.0161,0.0035,0.0036,0.032141,0.0073,0.0119,FALSE,0.778294259651995,0.8736,0.874,0.89559,NA
"rs7253302",0.0527,-0.006,-0.0267,-0.004896,0.0125,0.0024,0.0025,0.021095,-0.0039,0.0095,FALSE,0.711576902078422,0.6465,0.647,0.684413,NA
"rs4803982",-0.0128,0.0172,0.0022,0.004015,0.0164,0.003,0.003,0.024637,-0.0138,0.0101,FALSE,0.193033122842263,0.1859,0.186,0.191386,NA
"rs2206925",-0.018,-0.0207,0.0086,-0.047587,0.013,0.0025,0.0025,0.020893,0.0063,0.0083,FALSE,0.273645715211859,0.3622,0.362,0.323883,NA
"rs6032942",-0.016,0.0173,0.0227,0.018515,0.0132,0.0027,0.0028,0.022566,0.0081,0.0093,TRUE,0.24499752244315,0.2325,0.233,0.245671,NA
"rs751859",0.0014,0.0177,0.0242,0.020037,0.0187,0.0028,0.0029,0.027559,0.008,0.0095,TRUE,0.209577731830925,0.2099,0.21,0.216874,NA
"rs2236180",-0.0533,0.0213,0.016,-0.046931,0.0138,0.003,0.003,0.02495,-0.0097,0.0103,FALSE,0.778703668049255,0.815,0.815,0.806938,NA
"rs6119231",0.0298,-0.0176,-0.0237,-0.024254,0.0146,0.0031,0.0032,0.026904,0.0107,0.0106,FALSE,0.189309478604466,0.1687,0.169,0.156781,NA
"rs6103666",0.0075,-0.0181,-0.0056,0.006477,0.014,0.0026,0.0027,0.022351,0.0217,0.0088,FALSE,0.211052580520801,0.2711,0.271,0.248269,NA
"rs6066089",-0.0167,0.022,-0.0033,0.011883,0.0138,0.0025,0.0026,0.020758,-0.0154,0.0085,TRUE,0.23886421284379,0.3059,0.306,0.332048,NA
"rs6421437",0.0097,0.001,-0.0179,-0.038001,0.0116,0.0025,0.0025,0.024929,0.0049,0.0085,FALSE,0.417273226311304,0.3635,0.363,0.378735,NA
"rs2273500",-0.0947,0.0129,0.0114,-0.070132,0.0157,0.0034,0.0034,0.024576,-0.0183,0.0117,FALSE,0.845449847342294,0.8539,0.854,0.795135,NA
"rs4809327",0.0424,-0.0267,4e-04,0.032007,0.012,0.0025,0.0025,0.02175,-0.0027,0.0084,FALSE,0.614048702697037,0.6756,0.676,0.721003,NA
"rs442217",-0.008,0,-0.0148,0.013572,0.0125,0.0025,0.0025,0.020962,0.0024,0.0084,TRUE,0.289471560407921,0.332,0.332,0.326437,NA
"rs2834457",-0.0393,0.0026,0.0247,-0.0173,0.0116,0.0024,0.0024,0.020217,-0.0039,0.0081,TRUE,0.585678034526294,0.6217,0.622,0.643943,NA
"rs11702251",0.0241,-0.0171,-1e-04,0.023657,0.0144,0.0028,0.0028,0.024026,0.0021,0.0095,FALSE,0.189763246175527,0.2232,0.223,0.204448,NA
"rs59805871",-0.0138,-0.004,-0.0149,-0.035113,0.0133,0.0025,0.0026,0.022222,-0.0091,0.0086,FALSE,0.757313256781417,0.6911,0.691,0.728363,NA
"rs35089989",0.0323,-0.0306,-0.0233,0.023358,0.0153,0.0028,0.0029,0.024097,-0.0091,0.0097,FALSE,0.834722531199066,0.7791,0.779,0.793148,NA
"rs374597",-0.0066,0.0183,0.0225,0.016383,0.0113,0.0023,0.0024,0.019447,0.0053,0.0078,FALSE,0.482033878192707,0.4768,0.477,0.472394,NA
"rs1076135",0.0076,-0.0097,-0.0245,-0.005394,0.0116,0.0023,0.0024,0.019945,0.0078,0.0079,TRUE,0.472502725006886,0.5245,0.525,0.570827,NA
"rs2023681",-0.049,0.0364,0.0328,0.008726,0.0223,0.004,0.0041,0.035468,-0.0071,0.0139,FALSE,0.091109643367246,0.0933,0.0934,0.083464,NA
"rs73158393",0.0162,-0.0078,-0.0205,-0.000424,0.0145,0.0027,0.0027,0.022139,-0.0184,0.0089,TRUE,0.806050265989906,0.7428,0.743,0.736354,NA
"rs3827382",0.0218,-0.0225,-0.0216,-0.004059,0.0161,0.004,0.0041,0.029641,-0.0035,0.0126,FALSE,0.158615385487862,0.0926,0.0927,0.121582,NA
"rs5758000",0.0015,0.0061,0.0152,-0.000978,0.0116,0.0024,0.0025,0.01992,0.0037,0.0081,FALSE,0.62052395311924,0.6448,0.645,0.603171,NA
"rs113111175",-0.0113,0.022,0.0102,0.050542,0.0202,0.0036,0.0037,0.032053,-0.0095,0.0126,FALSE,0.115711243524642,0.1219,0.122,0.110631,NA
