"year","age","mean","lower","upper","model"
1990,"15-19 years",11848.9545235549,11550.558526887,12147.3505202227,"BAPC_count_space"
1991,"15-19 years",11788.3524110573,11490.8154067892,12085.8894153254,"BAPC_count_space"
1992,"15-19 years",11724.8205912596,11428.1199233077,12021.5212592116,"BAPC_count_space"
1993,"15-19 years",11682.7107999717,11386.5581662755,11978.8634336679,"BAPC_count_space"
1994,"15-19 years",11683.7334921889,11387.5697431086,11979.8972412693,"BAPC_count_space"
1995,"15-19 years",11756.1236584668,11459.0255523896,12053.2217645439,"BAPC_count_space"
1996,"15-19 years",11884.9919316176,11586.2338171499,12183.7500460854,"BAPC_count_space"
1997,"15-19 years",12039.7691105321,11739.0262135859,12340.5120074784,"BAPC_count_space"
1998,"15-19 years",12222.106609467,11919.0436706398,12525.1695482942,"BAPC_count_space"
1999,"15-19 years",12435.8198012509,12130.061890545,12741.5777119568,"BAPC_count_space"
2000,"15-19 years",12687.5018685766,12378.6004522653,12996.403284888,"BAPC_count_space"
2001,"15-19 years",12992.8967935884,12680.2213979199,13305.5721892569,"BAPC_count_space"
2002,"15-19 years",13331.858725634,13015.044125059,13648.6733262089,"BAPC_count_space"
2003,"15-19 years",13660.9617287898,13340.1799199957,13981.743537584,"BAPC_count_space"
2004,"15-19 years",13937.9485952978,13613.8663153251,14262.0308752704,"BAPC_count_space"
2005,"15-19 years",14117.1143841095,13790.9143614206,14443.3144067985,"BAPC_count_space"
2006,"15-19 years",14159.9836814787,13833.275511203,14486.6918517544,"BAPC_count_space"
2007,"15-19 years",14101.4548631723,13775.4279780576,14427.481748287,"BAPC_count_space"
2008,"15-19 years",13995.1409852697,13670.3621077192,14319.9198628201,"BAPC_count_space"
2009,"15-19 years",13885.4750561771,13561.9903468356,14208.9597655186,"BAPC_count_space"
2010,"15-19 years",13813.7693775408,13491.1314277941,14136.4073272875,"BAPC_count_space"
2011,"15-19 years",13786.2712949845,13463.9514077117,14108.5911822573,"BAPC_count_space"
2012,"15-19 years",13777.0229151322,13454.7989203837,14099.2469098808,"BAPC_count_space"
2013,"15-19 years",13787.8053615909,13465.4403012755,14110.1704219063,"BAPC_count_space"
2014,"15-19 years",13828.399463513,13505.5407596484,14151.2581673776,"BAPC_count_space"
2015,"15-19 years",13908.6955343103,13584.8697366246,14232.521331996,"BAPC_count_space"
2016,"15-19 years",13975.1714404695,13650.5354449456,14299.8074359933,"BAPC_count_space"
2017,"15-19 years",13996.8691763451,13671.9393689815,14321.7989837088,"BAPC_count_space"
2018,"15-19 years",14031.7064446704,13706.3100403043,14357.1028490364,"BAPC_count_space"
2019,"15-19 years",14142.6005556686,13815.7880803641,14469.4130309732,"BAPC_count_space"
2020,"15-19 years",14302.2791946377,13973.3246404332,14631.2337488422,"BAPC_count_space"
2021,"15-19 years",15500.7499508667,15157.4606276444,15844.0392740891,"BAPC_count_space"
2022,"15-19 years",15411.1946334211,13721.9215164168,17100.4677504253,"BAPC_count_space"
2023,"15-19 years",15804.9072105031,13772.0196763403,17837.794744666,"BAPC_count_space"
2024,"15-19 years",16213.9135369064,13724.3091206811,18703.5179531317,"BAPC_count_space"
2025,"15-19 years",16640.0676561313,13585.6413793066,19694.493932956,"BAPC_count_space"
2026,"15-19 years",17085.3882344508,13362.0104466853,20808.7660222162,"BAPC_count_space"
2027,"15-19 years",17552.0755096638,13056.762902697,22047.3881166307,"BAPC_count_space"
2028,"15-19 years",18042.5293646654,12670.5365627089,23414.5221666219,"BAPC_count_space"
2029,"15-19 years",18559.3704939352,12201.5849144502,24917.1560734203,"BAPC_count_space"
2030,"15-19 years",19105.4651651206,11646.0432410377,26564.8870892035,"BAPC_count_space"
2031,"15-19 years",19683.9540050408,10998.0498932243,28369.8581168574,"BAPC_count_space"
2032,"15-19 years",20298.2851684556,10249.7314707637,30346.8388661475,"BAPC_count_space"
2033,"15-19 years",20952.2526646338,9391.07295612902,32513.4323731386,"BAPC_count_space"
2034,"15-19 years",21650.0403914216,8409.68600201832,34890.3947808248,"BAPC_count_space"
2035,"15-19 years",22396.2730174104,7290.47872497649,37502.0673098443,"BAPC_count_space"
2036,"15-19 years",23196.0745271357,6015.22125694185,40376.9277973296,"BAPC_count_space"
2037,"15-19 years",24055.1359910266,4561.99358029405,43548.2784017592,"BAPC_count_space"
2038,"15-19 years",24979.7937769128,2904.49436987683,47055.0931839488,"BAPC_count_space"
2039,"15-19 years",25977.1203188638,1011.18144362153,50943.0591941061,"BAPC_count_space"
2040,"15-19 years",27055.0292819699,0,55265.8537906695,"BAPC_count_space"
2041,"15-19 years",28222.3980011161,0,60086.714670319,"BAPC_count_space"
2042,"15-19 years",29489.2099801634,0,65480.3735897853,"BAPC_count_space"
2043,"15-19 years",30866.7214137165,0,71535.4459299501,"BAPC_count_space"
2044,"15-19 years",32367.6559471727,0,78357.3928227825,"BAPC_count_space"
2045,"15-19 years",34006.4332222808,0,86072.2065961763,"BAPC_count_space"
2046,"15-19 years",35799.4375712357,0,94831.0124667802,"BAPC_count_space"
2047,"15-19 years",37765.3347763811,0,104815.835527346,"BAPC_count_space"
2048,"15-19 years",39925.4464915097,0,116246.854683078,"BAPC_count_space"
2049,"15-19 years",42304.1938479874,0,129391.559459095,"BAPC_count_space"
2050,"15-19 years",44929.6247407736,0,144576.350899885,"BAPC_count_space"
1990,"20-24 years",11390.7938231198,11098.3608368395,11683.2268094002,"BAPC_count_space"
1991,"20-24 years",11451.7281338782,11158.5772161907,11744.8790515658,"BAPC_count_space"
1992,"20-24 years",11498.3902916391,11204.646849933,11792.1337333453,"BAPC_count_space"
1993,"20-24 years",11529.8796779872,11235.730842793,11824.0285131813,"BAPC_count_space"
1994,"20-24 years",11542.5129503578,11248.2061086104,11836.8197921052,"BAPC_count_space"
1995,"20-24 years",11560.314112273,11265.783477861,11854.8447466849,"BAPC_count_space"
1996,"20-24 years",11571.446417802,11276.7744628482,11866.1183727557,"BAPC_count_space"
1997,"20-24 years",11565.8303984456,11271.2303558939,11860.4304409972,"BAPC_count_space"
1998,"20-24 years",11579.3731927124,11284.5950703517,11874.1513150731,"BAPC_count_space"
1999,"20-24 years",11647.2460141709,11351.5846190511,11942.9074092908,"BAPC_count_space"
2000,"20-24 years",11784.4833892258,11487.0453296644,12081.9214487871,"BAPC_count_space"
2001,"20-24 years",11993.2226263639,11693.1016906579,12293.3435620698,"BAPC_count_space"
2002,"20-24 years",12261.5710011754,11958.0339386965,12565.1080636543,"BAPC_count_space"
2003,"20-24 years",12566.7642025504,12259.3888023451,12874.1396027556,"BAPC_count_space"
2004,"20-24 years",12885.1699042753,12573.8415814932,13196.4982270573,"BAPC_count_space"
2005,"20-24 years",13196.0155652299,12880.876241555,13511.1548889048,"BAPC_count_space"
2006,"20-24 years",13468.8661405989,13150.4172310228,13787.315050175,"BAPC_count_space"
2007,"20-24 years",13683.7108377606,13362.676026286,14004.7456492352,"BAPC_count_space"
2008,"20-24 years",13845.7129344015,13522.7412715172,14168.6845972858,"BAPC_count_space"
2009,"20-24 years",13956.7651949084,13632.4732618286,14281.0571279881,"BAPC_count_space"
2010,"20-24 years",14015.1162692542,13690.1323578354,14340.100180673,"BAPC_count_space"
2011,"20-24 years",14001.7766907024,13676.9464986295,14326.6068827752,"BAPC_count_space"
2012,"20-24 years",13922.7048952992,13598.8034135387,14246.6063770597,"BAPC_count_space"
2013,"20-24 years",13826.2916928547,13503.5291402206,14149.0542454887,"BAPC_count_space"
2014,"20-24 years",13750.8913768016,13429.0228118718,14072.7599417314,"BAPC_count_space"
2015,"20-24 years",13732.0315916603,13410.3827576734,14053.6804256471,"BAPC_count_space"
2016,"20-24 years",13742.650077307,13420.864046477,14064.4361081369,"BAPC_count_space"
2017,"20-24 years",13737.8794915353,13416.1321680186,14059.626815052,"BAPC_count_space"
2018,"20-24 years",13743.654199065,13421.816032577,14065.4923655529,"BAPC_count_space"
2019,"20-24 years",13797.682831441,13475.1738395675,14120.1918233144,"BAPC_count_space"
2020,"20-24 years",13861.0761836054,13537.7638949224,14184.3884722883,"BAPC_count_space"
2021,"20-24 years",14936.6533167044,14600.6994333171,15272.6072000916,"BAPC_count_space"
2022,"20-24 years",14905.4648668154,13560.8228085387,16250.106925092,"BAPC_count_space"
2023,"20-24 years",15230.8084951,13772.0448515687,16689.5721386314,"BAPC_count_space"
2024,"20-24 years",15580.0946835503,13952.6070105679,17207.5823565326,"BAPC_count_space"
2025,"20-24 years",15958.904471689,14090.5540759496,17827.2548674284,"BAPC_count_space"
2026,"20-24 years",16366.2465553602,14165.3592173103,18567.1338934101,"BAPC_count_space"
2027,"20-24 years",16788.8003167546,14149.5228895806,19428.0777439287,"BAPC_count_space"
2028,"20-24 years",17228.4469303676,14043.4249705784,20413.4688901568,"BAPC_count_space"
2029,"20-24 years",17687.2359598961,13849.7018364812,21524.7700833109,"BAPC_count_space"
2030,"20-24 years",18167.397841916,13570.4039867478,22764.3916970843,"BAPC_count_space"
2031,"20-24 years",18671.3621742814,13205.9040969767,24136.8202515862,"BAPC_count_space"
2032,"20-24 years",19201.7795129543,12754.6241708785,25648.9348550301,"BAPC_count_space"
2033,"20-24 years",19761.5465443731,12213.0185400706,27310.0745486756,"BAPC_count_space"
2034,"20-24 years",20353.834825773,11575.5754850235,29132.0941665225,"BAPC_count_space"
2035,"20-24 years",20982.123930736,10834.7578849614,31129.4899765106,"BAPC_count_space"
2036,"20-24 years",21650.2394033596,9980.86107242266,33319.6177342966,"BAPC_count_space"
2037,"20-24 years",22362.3966029201,9001.78240083736,35723.0108050029,"BAPC_count_space"
2038,"20-24 years",23123.2510552354,7882.69774265215,38363.8043678186,"BAPC_count_space"
2039,"20-24 years",23937.9566696206,6605.63628189314,41270.2770573481,"BAPC_count_space"
2040,"20-24 years",24812.2327907827,5148.93907123925,44475.5265103262,"BAPC_count_space"
2041,"20-24 years",25752.4418657549,3486.58028286101,48018.3034486488,"BAPC_count_space"
2042,"20-24 years",26765.6792313662,1587.32228858599,51944.0361741464,"BAPC_count_space"
2043,"20-24 years",27859.8773828497,0,56306.0882279779,"BAPC_count_space"
2044,"20-24 years",29043.9270363943,0,61167.3032315725,"BAPC_count_space"
2045,"20-24 years",30327.8181740599,0,66601.9069576018,"BAPC_count_space"
2046,"20-24 years",31722.8045818312,0,72697.8554943579,"BAPC_count_space"
2047,"20-24 years",33241.5962850343,0,79559.7435320143,"BAPC_count_space"
2048,"20-24 years",34898.5851625385,0,87312.4188051511,"BAPC_count_space"
2049,"20-24 years",36710.1099690987,0,96105.4896809296,"BAPC_count_space"
2050,"20-24 years",38694.7686727498,0,106118.967496518,"BAPC_count_space"
1990,"25-29 years",11199.4070108513,10909.4874576828,11489.3265640198,"BAPC_count_space"
1991,"25-29 years",11575.3778331822,11280.6034182791,11870.1522480854,"BAPC_count_space"
1992,"25-29 years",11893.8158529334,11594.943396292,12192.6883095748,"BAPC_count_space"
1993,"25-29 years",12118.6270755299,11816.8906793997,12420.3634716601,"BAPC_count_space"
1994,"25-29 years",12275.6601240287,11971.9433063483,12579.376941709,"BAPC_count_space"
1995,"25-29 years",12403.9526986281,12098.6287245125,12709.2766727438,"BAPC_count_space"
1996,"25-29 years",12517.0735303383,12210.3349791472,12823.8120815295,"BAPC_count_space"
1997,"25-29 years",12604.885220174,12297.0492020505,12912.7212382976,"BAPC_count_space"
1998,"25-29 years",12685.7145601801,12376.8723831522,12994.5567372079,"BAPC_count_space"
1999,"25-29 years",12767.4630629201,12457.6091471567,13077.3169786836,"BAPC_count_space"
2000,"25-29 years",12860.0216101467,12549.027089723,13171.0161305705,"BAPC_count_space"
2001,"25-29 years",13000.9929344663,12688.2636827072,13313.7221862253,"BAPC_count_space"
2002,"25-29 years",13192.2955248632,12877.2221485533,13507.368901173,"BAPC_count_space"
2003,"25-29 years",13404.4581347336,13086.8034368786,13722.1128325886,"BAPC_count_space"
2004,"25-29 years",13623.3723720945,13303.0760142813,13943.6687299078,"BAPC_count_space"
2005,"25-29 years",13825.2708439023,13502.5589086471,14147.9827791575,"BAPC_count_space"
2006,"25-29 years",13978.4575843958,13653.926726883,14302.9884419086,"BAPC_count_space"
2007,"25-29 years",14105.6334847934,13779.5998835776,14431.6670860091,"BAPC_count_space"
2008,"25-29 years",14243.1296598443,13915.4801366268,14570.7791830618,"BAPC_count_space"
2009,"25-29 years",14415.1763479414,14085.5175057036,14744.8351901791,"BAPC_count_space"
2010,"25-29 years",14630.4628992808,14298.3067798035,14962.6190187581,"BAPC_count_space"
2011,"25-29 years",14863.5236547824,14528.6826620129,15198.3646475519,"BAPC_count_space"
2012,"25-29 years",15060.5288121541,14723.4317259313,15397.6258983768,"BAPC_count_space"
2013,"25-29 years",15213.8304625485,14874.9883819617,15552.6725431352,"BAPC_count_space"
2014,"25-29 years",15330.835083837,14990.6684402295,15671.0017274446,"BAPC_count_space"
2015,"25-29 years",15427.0950226357,15085.8419164547,15768.3481288167,"BAPC_count_space"
2016,"25-29 years",15438.5353695631,15097.1484081762,15779.92233095,"BAPC_count_space"
2017,"25-29 years",15346.3436500253,15005.9840874278,15686.7032126228,"BAPC_count_space"
2018,"25-29 years",15229.142634925,14890.0937622049,15568.1915076451,"BAPC_count_space"
2019,"25-29 years",15162.1306157453,14823.8243437384,15500.4368877521,"BAPC_count_space"
2020,"25-29 years",15133.9249320959,14795.9037901639,15471.946074028,"BAPC_count_space"
2021,"25-29 years",15693.9316836698,15349.5221160299,16038.3412513096,"BAPC_count_space"
2022,"25-29 years",16323.3509465935,14872.7328418775,17773.9690513095,"BAPC_count_space"
2023,"25-29 years",16616.5211733181,15050.1090891129,18182.9332575233,"BAPC_count_space"
2024,"25-29 years",16934.0245370444,15198.1871059173,18669.8619681715,"BAPC_count_space"
2025,"25-29 years",17277.9853286612,15312.8736631779,19243.0969941445,"BAPC_count_space"
2026,"25-29 years",17647.1983214017,15389.7401940806,19904.6564487228,"BAPC_count_space"
2027,"25-29 years",18030.6524085281,15418.5869734628,20642.7178435934,"BAPC_count_space"
2028,"25-29 years",18435.7376424242,15409.2094851965,21462.2657996519,"BAPC_count_space"
2029,"25-29 years",18872.2285760887,15367.6756854977,22376.7814666796,"BAPC_count_space"
2030,"25-29 years",19347.1192543364,15290.3930337282,23403.8454749446,"BAPC_count_space"
2031,"25-29 years",19859.5326137012,15160.8906035795,24558.1746238229,"BAPC_count_space"
2032,"25-29 years",20393.6500238755,14949.8598192268,25837.4402285241,"BAPC_count_space"
2033,"25-29 years",20952.0191970706,14650.9617615145,27253.0766326267,"BAPC_count_space"
2034,"25-29 years",21537.4133437033,14258.6767510035,28816.1499364032,"BAPC_count_space"
2035,"25-29 years",22152.8569948644,13767.3495382292,30538.3644514995,"BAPC_count_space"
2036,"25-29 years",22801.6555192103,13170.495390545,32432.8156478756,"BAPC_count_space"
2037,"25-29 years",23487.4284940447,12460.2807827357,34514.5762053538,"BAPC_count_space"
2038,"25-29 years",24214.1474303979,11627.097396985,36801.1974638109,"BAPC_count_space"
2039,"25-29 years",24986.1790121476,10659.165547801,39313.1924764941,"BAPC_count_space"
2040,"25-29 years",25808.3345965899,9542.119777563,42074.5494156168,"BAPC_count_space"
2041,"25-29 years",26685.9273389328,8258.54046202018,45113.3142158454,"BAPC_count_space"
2042,"25-29 years",27624.8379451203,6787.40056218816,48462.2753280523,"BAPC_count_space"
2043,"25-29 years",28631.5907392754,5103.39753818798,52159.7839403629,"BAPC_count_space"
2044,"25-29 years",29713.4415204481,3176.13758715469,56250.7454537415,"BAPC_count_space"
2045,"25-29 years",30878.479390438,969.133575477827,60787.8252053983,"BAPC_count_space"
2046,"25-29 years",32135.744825702,0,65832.9204015914,"BAPC_count_space"
2047,"25-29 years",33495.366894725,0,71458.9634244788,"BAPC_count_space"
2048,"25-29 years",34968.7230635188,0,77752.1385910939,"BAPC_count_space"
2049,"25-29 years",36568.6255645135,0,84814.615963092,"BAPC_count_space"
2050,"25-29 years",38309.5394696472,0,92767.9349896643,"BAPC_count_space"
1990,"30-34 years",10531.4571607042,10250.5132789891,10812.4010424193,"BAPC_count_space"
1991,"30-34 years",10687.311789826,10404.3281208135,10970.2954588386,"BAPC_count_space"
1992,"30-34 years",10942.347537885,10655.9501066479,11228.744969122,"BAPC_count_space"
1993,"30-34 years",11326.9013558511,11035.4114039274,11618.3913077748,"BAPC_count_space"
1994,"30-34 years",11778.8494368486,11481.4796634663,12076.2192102308,"BAPC_count_space"
1995,"30-34 years",12240.3238823098,11937.063843045,12543.5839215746,"BAPC_count_space"
1996,"30-34 years",12646.0509519285,12337.6994343598,12954.4024694972,"BAPC_count_space"
1997,"30-34 years",12947.655880352,12635.57051765,13259.741243054,"BAPC_count_space"
1998,"30-34 years",13135.7327124733,12821.3435950685,13450.1218298781,"BAPC_count_space"
1999,"30-34 years",13273.6800279273,12957.6152943225,13589.744761532,"BAPC_count_space"
2000,"30-34 years",13419.9001349487,13102.0692655152,13737.7310043823,"BAPC_count_space"
2001,"30-34 years",13688.371314745,13367.3165718628,14009.4260576272,"BAPC_count_space"
2002,"30-34 years",14084.1301595445,13758.374235037,14409.8860840521,"BAPC_count_space"
2003,"30-34 years",14515.0350685484,14184.2307041218,14845.839432975,"BAPC_count_space"
2004,"30-34 years",14875.0471505652,14540.0798874207,15210.0144137097,"BAPC_count_space"
2005,"30-34 years",15063.7892107608,14726.660694265,15400.9177272566,"BAPC_count_space"
2006,"30-34 years",15056.2190971863,14719.1786851404,15393.2595092321,"BAPC_count_space"
2007,"30-34 years",14939.1302591203,14603.4291361466,15274.831382094,"BAPC_count_space"
2008,"30-34 years",14808.6841205481,14474.4809689694,15142.8872721267,"BAPC_count_space"
2009,"30-34 years",14740.0831480432,14406.6713407682,15073.4949553182,"BAPC_count_space"
2010,"30-34 years",14773.5449499616,14439.7494018757,15107.3404980475,"BAPC_count_space"
2011,"30-34 years",14852.574600211,14517.8719424774,15187.2772579446,"BAPC_count_space"
2012,"30-34 years",14930.627106776,14595.0292807552,15266.2249327968,"BAPC_count_space"
2013,"30-34 years",15039.897209456,14703.0506937788,15376.7437251332,"BAPC_count_space"
2014,"30-34 years",15206.3140863448,14867.575664537,15545.0525081527,"BAPC_count_space"
2015,"30-34 years",15463.5923128047,15121.9488521603,15805.2357734492,"BAPC_count_space"
2016,"30-34 years",15760.4924545232,15415.5235184155,16105.461390631,"BAPC_count_space"
2017,"30-34 years",16019.2469961584,15671.3997322217,16367.0942600951,"BAPC_count_space"
2018,"30-34 years",16245.890553788,15895.5391587919,16596.2419487841,"BAPC_count_space"
2019,"30-34 years",16457.6651339802,16104.9887797847,16810.3414881758,"BAPC_count_space"
2020,"30-34 years",16622.0014224725,16267.5148598961,16976.487985049,"BAPC_count_space"
2021,"30-34 years",17127.7472633612,16767.7478543799,17487.7466723425,"BAPC_count_space"
2022,"30-34 years",17926.8458426323,16348.0943864901,19505.5972987746,"BAPC_count_space"
2023,"30-34 years",18190.6159680348,16492.2959907095,19888.9359453601,"BAPC_count_space"
2024,"30-34 years",18442.7447029632,16569.8870131829,20315.6023927436,"BAPC_count_space"
2025,"30-34 years",18708.6166504031,16598.5701313356,20818.6631694706,"BAPC_count_space"
2026,"30-34 years",19005.8679897464,16591.4447476906,21420.2912318022,"BAPC_count_space"
2027,"30-34 years",19336.049838769,16549.3799197002,22122.7197578377,"BAPC_count_space"
2028,"30-34 years",19695.8389074956,16473.6423257246,22918.0354892665,"BAPC_count_space"
2029,"30-34 years",20087.0447414278,16367.4622527809,23806.6272300747,"BAPC_count_space"
2030,"30-34 years",20512.3987016039,16232.0515916411,24792.7458115667,"BAPC_count_space"
2031,"30-34 years",20970.7480404148,16063.4514793009,25878.0446015288,"BAPC_count_space"
2032,"30-34 years",21449.2868000642,15848.8463239005,27049.727276228,"BAPC_count_space"
2033,"30-34 years",21956.989203719,15595.1049159665,28318.8734914716,"BAPC_count_space"
2034,"30-34 years",22505.7481608646,15305.5614804562,29705.934841273,"BAPC_count_space"
2035,"30-34 years",23104.2580190798,14974.2739215637,31234.2421165959,"BAPC_count_space"
2036,"30-34 years",23751.9268264073,14582.4524353569,32921.4012174577,"BAPC_count_space"
2037,"30-34 years",24430.3208780713,14097.9630060956,34762.678750047,"BAPC_count_space"
2038,"30-34 years",25142.8874407461,13509.0719458603,36776.7029356319,"BAPC_count_space"
2039,"30-34 years",25893.3966079391,12803.8338352785,38982.9593805998,"BAPC_count_space"
2040,"30-34 years",26685.9784707699,11969.4594607774,41402.4974807624,"BAPC_count_space"
2041,"30-34 years",27525.1663926479,10991.7112362221,44058.6215490738,"BAPC_count_space"
2042,"30-34 years",28415.9465969816,9854.30190366455,46977.5912902987,"BAPC_count_space"
2043,"30-34 years",29363.8153213533,8538.26980710811,50189.3608355985,"BAPC_count_space"
2044,"30-34 years",30374.8444164864,7021.30083744156,53728.3879955312,"BAPC_count_space"
2045,"30-34 years",31455.75700195,5276.96407353766,57634.5499303624,"BAPC_count_space"
2046,"30-34 years",32614.0145933745,3273.82384843035,61954.2053383187,"BAPC_count_space"
2047,"30-34 years",33857.917927863,974.386159387417,66741.4496963386,"BAPC_count_space"
2048,"30-34 years",35196.7237023962,0,72059.6185818911,"BAPC_count_space"
2049,"30-34 years",36640.7799189562,0,77983.1050086409,"BAPC_count_space"
2050,"30-34 years",38201.6833592589,0,84599.5727893032,"BAPC_count_space"
1990,"35-39 years",12205.3679148449,11902.4194230593,12508.3164066306,"BAPC_count_space"
1991,"35-39 years",12565.1876814577,12257.7977915225,12872.577571393,"BAPC_count_space"
1992,"35-39 years",12832.908303729,12522.2165656593,13143.6000417987,"BAPC_count_space"
1993,"35-39 years",12963.6409848299,12651.3504127354,13275.9315569245,"BAPC_count_space"
1994,"35-39 years",13003.9540477842,12691.1761474593,13316.7319481091,"BAPC_count_space"
1995,"35-39 years",13049.4307720738,12736.0950823418,13362.7664618059,"BAPC_count_space"
1996,"35-39 years",13181.6402651675,12866.6861720141,13496.5943583209,"BAPC_count_space"
1997,"35-39 years",13446.8992263206,13128.7307891902,13765.067663451,"BAPC_count_space"
1998,"35-39 years",13888.4367901142,13564.9906296269,14211.8829506014,"BAPC_count_space"
1999,"35-39 years",14428.404871243,14098.6169002297,14758.1928422563,"BAPC_count_space"
2000,"35-39 years",15014.3022555906,14677.7658082941,15350.8387028871,"BAPC_count_space"
2001,"35-39 years",15706.3147719759,15361.9732123937,16050.656331558,"BAPC_count_space"
2002,"35-39 years",16506.9952184142,16153.8319572703,16860.1584795582,"BAPC_count_space"
2003,"35-39 years",17251.467416611,16890.2898734737,17612.6449597482,"BAPC_count_space"
2004,"35-39 years",17838.6183363388,17471.2395984288,18205.9970742488,"BAPC_count_space"
2005,"35-39 years",18171.6864180353,17800.8373277802,18542.5355082905,"BAPC_count_space"
2006,"35-39 years",18232.7401546099,17861.2639578342,18604.2163513855,"BAPC_count_space"
2007,"35-39 years",18120.688834518,17750.3806549396,18490.9970140964,"BAPC_count_space"
2008,"35-39 years",17933.7503308792,17565.3941176154,18302.1065441431,"BAPC_count_space"
2009,"35-39 years",17739.2576550207,17372.9423095732,18105.5730004683,"BAPC_count_space"
2010,"35-39 years",17610.1839710942,17245.229550046,17975.1383921424,"BAPC_count_space"
2011,"35-39 years",17487.9389714815,17124.2745446826,17851.6033982803,"BAPC_count_space"
2012,"35-39 years",17307.9370473242,16946.1760328696,17669.6980617788,"BAPC_count_space"
2013,"35-39 years",17148.0890780331,16788.0255110466,17508.1526450195,"BAPC_count_space"
2014,"35-39 years",17088.5181377864,16729.0875450588,17447.948730514,"BAPC_count_space"
2015,"35-39 years",17186.0614327007,16825.5880280555,17546.5348373459,"BAPC_count_space"
2016,"35-39 years",17370.6111363767,17008.1727922301,17733.0494805232,"BAPC_count_space"
2017,"35-39 years",17577.267314139,17212.6370523434,17941.8975759346,"BAPC_count_space"
2018,"35-39 years",17846.4149780444,17478.9511012604,18213.8788548283,"BAPC_count_space"
2019,"35-39 years",18217.9353298777,17846.5987078985,18589.2719518569,"BAPC_count_space"
2020,"35-39 years",18805.3112661545,18427.931387408,19182.691144901,"BAPC_count_space"
2021,"35-39 years",19912.9588608716,19524.4082398573,20301.5094818859,"BAPC_count_space"
2022,"35-39 years",21179.2480108248,19325.1171155725,23033.378906077,"BAPC_count_space"
2023,"35-39 years",21850.6967878125,19823.1398923321,23878.2536832928,"BAPC_count_space"
2024,"35-39 years",22460.8382149006,20193.8197090825,24727.8567207186,"BAPC_count_space"
2025,"35-39 years",23000.6681925648,20421.6233555619,25579.7130295676,"BAPC_count_space"
2026,"35-39 years",23472.1778878883,20506.3974496091,26437.9583261675,"BAPC_count_space"
2027,"35-39 years",23883.4066808585,20458.1344731777,27308.6788885394,"BAPC_count_space"
2028,"35-39 years",24250.2284186705,20299.8801466272,28200.5766907138,"BAPC_count_space"
2029,"35-39 years",24604.5734307997,20064.860898079,29144.2859635205,"BAPC_count_space"
2030,"35-39 years",24980.4520456404,19782.8258063149,30178.078284966,"BAPC_count_space"
2031,"35-39 years",25401.6980733337,19470.2119953396,31333.1841513278,"BAPC_count_space"
2032,"35-39 years",25870.7365682033,19124.4941768525,32616.9789595541,"BAPC_count_space"
2033,"35-39 years",26383.3818206308,18741.9714490909,34024.7921921706,"BAPC_count_space"
2034,"35-39 years",26942.3554521833,18321.2424538687,35563.4684504979,"BAPC_count_space"
2035,"35-39 years",27551.691269004,17858.7414745162,37244.6410634918,"BAPC_count_space"
2036,"35-39 years",28210.2886447459,17345.1040407043,39075.4732487874,"BAPC_count_space"
2037,"35-39 years",28901.3726756385,16761.5982142559,41041.1471370211,"BAPC_count_space"
2038,"35-39 years",29637.362890786,16111.449309611,43163.276471961,"BAPC_count_space"
2039,"35-39 years",30434.7731981671,15393.6707508116,45475.8756455227,"BAPC_count_space"
2040,"35-39 years",31306.0027594324,14596.4681295667,48015.5373892981,"BAPC_count_space"
2041,"35-39 years",32251.0624986317,13693.4087089215,50808.716288342,"BAPC_count_space"
2042,"35-39 years",33245.7813116568,12643.9061981197,53847.6564251939,"BAPC_count_space"
2043,"35-39 years",34295.5668677769,11426.6445866677,57164.489148886,"BAPC_count_space"
2044,"35-39 years",35406.3640379141,10018.3185039574,60794.4095718709,"BAPC_count_space"
2045,"35-39 years",36584.7199154221,8392.85446529819,64776.5853655459,"BAPC_count_space"
2046,"35-39 years",37837.8590360274,6520.55110091778,69155.166971137,"BAPC_count_space"
2047,"35-39 years",39173.7702090297,4367.10622891097,73980.4341891485,"BAPC_count_space"
2048,"35-39 years",40601.3069382537,1892.49354575643,79310.120330751,"BAPC_count_space"
2049,"35-39 years",42130.3034012189,0,85210.9629747753,"BAPC_count_space"
2050,"35-39 years",43771.7088501067,0,91760.5427861501,"BAPC_count_space"
1990,"40-44 years",15095.2862794476,14757.7089255532,15432.863633342,"BAPC_count_space"
1991,"40-44 years",15845.3384020375,15499.4131555217,16191.2636485532,"BAPC_count_space"
1992,"40-44 years",16491.1294005482,16138.1253130974,16844.1334879989,"BAPC_count_space"
1993,"40-44 years",17234.9119861914,16873.9155303828,17595.9084419999,"BAPC_count_space"
1994,"40-44 years",17824.7891570981,17457.5763554506,18192.0019587457,"BAPC_count_space"
1995,"40-44 years",18636.0141736158,18260.418331744,19011.6100154876,"BAPC_count_space"
1996,"40-44 years",18977.091494108,18598.0248373959,19356.1581508201,"BAPC_count_space"
1997,"40-44 years",19131.792330268,18751.161248464,19512.4234120721,"BAPC_count_space"
1998,"40-44 years",19085.8858581387,18705.7213150184,19466.0504012589,"BAPC_count_space"
1999,"40-44 years",18977.0701004575,18598.0081202802,19356.1320806347,"BAPC_count_space"
2000,"40-44 years",18978.9200167722,18599.8356449635,19358.0043885808,"BAPC_count_space"
2001,"40-44 years",19348.4251404837,18965.6125253197,19731.2377556476,"BAPC_count_space"
2002,"40-44 years",20197.6888449919,19806.4507267993,20588.9269631845,"BAPC_count_space"
2003,"40-44 years",21499.3401442485,21095.523980623,21903.1563078739,"BAPC_count_space"
2004,"40-44 years",22985.0113100957,22567.2911386766,23402.7314815148,"BAPC_count_space"
2005,"40-44 years",24293.7871834565,23864.1883911216,24723.3859757914,"BAPC_count_space"
2006,"40-44 years",25105.7400971027,24668.9412713961,25542.5389228094,"BAPC_count_space"
2007,"40-44 years",25403.6277043199,24964.2267948068,25843.0286138331,"BAPC_count_space"
2008,"40-44 years",25269.7584552889,24831.5446041133,25707.9723064645,"BAPC_count_space"
2009,"40-44 years",24993.0212920358,24557.2512584978,25428.7913255738,"BAPC_count_space"
2010,"40-44 years",24843.1224858012,24408.680851591,25277.5641200115,"BAPC_count_space"
2011,"40-44 years",24810.393438895,24376.2412910967,25244.5455866934,"BAPC_count_space"
2012,"40-44 years",24737.8553208143,24304.3419151313,25171.3687264973,"BAPC_count_space"
2013,"40-44 years",24680.2271080772,24247.2215255912,25113.2326905632,"BAPC_count_space"
2014,"40-44 years",24653.4097434906,24220.641156624,25086.1783303572,"BAPC_count_space"
2015,"40-44 years",24696.9264096466,24263.7722795027,25130.0805397905,"BAPC_count_space"
2016,"40-44 years",24744.0202150484,24310.4461620097,25177.5942680871,"BAPC_count_space"
2017,"40-44 years",24732.5808821406,24299.1010982248,25166.0606660563,"BAPC_count_space"
2018,"40-44 years",24738.6094375251,24305.0674207037,25172.1514543464,"BAPC_count_space"
2019,"40-44 years",24858.9266126767,24424.3097151995,25293.543510154,"BAPC_count_space"
2020,"40-44 years",25327.7816476359,24889.0251961913,25766.5380990806,"BAPC_count_space"
2021,"40-44 years",26685.0322967799,26234.5008423583,27135.5637512015,"BAPC_count_space"
2022,"40-44 years",28438.2024344018,25962.2868251694,30914.1180436343,"BAPC_count_space"
2023,"40-44 years",29397.4352295402,26683.8277128108,32111.0427462696,"BAPC_count_space"
2024,"40-44 years",30437.8857502292,27379.8645612983,33495.9069391601,"BAPC_count_space"
2025,"40-44 years",31550.7286175082,28026.780663477,35074.6765715393,"BAPC_count_space"
2026,"40-44 years",32709.5521840909,28590.2534296213,36828.8509385605,"BAPC_count_space"
2027,"40-44 years",33864.3317254742,29021.460504785,38707.2029461635,"BAPC_count_space"
2028,"40-44 years",34960.1384502935,29279.4774492891,40640.7994512979,"BAPC_count_space"
2029,"40-44 years",35962.9656216355,29342.6571972385,42583.2740460325,"BAPC_count_space"
2030,"40-44 years",36858.5431038988,29205.4590816858,44511.6271261118,"BAPC_count_space"
2031,"40-44 years",37650.2089403719,28875.4614875057,46424.9563932381,"BAPC_count_space"
2032,"40-44 years",38350.9555690343,28367.9325540456,48333.978584023,"BAPC_count_space"
2033,"40-44 years",38986.1847247807,27712.5616945911,50259.8077549703,"BAPC_count_space"
2034,"40-44 years",39607.2392892667,26950.9263354985,52263.5522430349,"BAPC_count_space"
2035,"40-44 years",40269.1138530569,26117.6632626917,54420.5644434222,"BAPC_count_space"
2036,"40-44 years",41010.7612915554,25227.5257726312,56793.9968104796,"BAPC_count_space"
2037,"40-44 years",41836.8059908131,24269.2502442441,59404.3617373821,"BAPC_count_space"
2038,"40-44 years",42741.0733900512,23230.8499864085,62251.2967936938,"BAPC_count_space"
2039,"40-44 years",43728.6496368429,22103.3517778019,65353.947495884,"BAPC_count_space"
2040,"40-44 years",44806.9079800613,20874.1978343387,68739.6181257838,"BAPC_count_space"
2041,"40-44 years",45975.0397653258,19522.5631100068,72427.5164206449,"BAPC_count_space"
2042,"40-44 years",47206.6964991126,18016.6782421126,76396.7147561126,"BAPC_count_space"
2043,"40-44 years",48522.9314961908,16350.9254760965,80694.937516285,"BAPC_count_space"
2044,"40-44 years",49951.8234750816,14511.4758853156,85392.1710648476,"BAPC_count_space"
2045,"40-44 years",51515.1332581504,12467.8218506312,90562.4446656696,"BAPC_count_space"
2046,"40-44 years",53214.6351699434,10168.9816409441,96260.2886989427,"BAPC_count_space"
2047,"40-44 years",55012.2985381795,7548.24994381164,102476.347132547,"BAPC_count_space"
2048,"40-44 years",56918.6656323491,4556.02997173268,109281.301292965,"BAPC_count_space"
2049,"40-44 years",58945.3932058944,1135.88601882064,116754.900392968,"BAPC_count_space"
2050,"40-44 years",61105.3950401984,0,124987.944061,"BAPC_count_space"
1990,"45-49 years",21965.8514529008,21557.5472790579,22374.1556267438,"BAPC_count_space"
1991,"45-49 years",22564.9065061955,22151.0657242461,22978.7472881449,"BAPC_count_space"
1992,"45-49 years",23352.8776857899,22931.8009240936,23773.9544474862,"BAPC_count_space"
1993,"45-49 years",24051.4637125405,23624.0659548778,24478.8614702031,"BAPC_count_space"
1994,"45-49 years",25097.5673281605,24660.8743990793,25534.2602572417,"BAPC_count_space"
1995,"45-49 years",25728.1328848613,25285.9331078815,26170.332661841,"BAPC_count_space"
1996,"45-49 years",26742.7597708238,26291.835313309,27193.6842283387,"BAPC_count_space"
1997,"45-49 years",27497.9957270299,27040.6818644788,27955.309589581,"BAPC_count_space"
1998,"45-49 years",28408.5208287804,27943.6216129781,28873.4200445826,"BAPC_count_space"
1999,"45-49 years",29121.3003765406,28650.5487157083,29592.0520373728,"BAPC_count_space"
2000,"45-49 years",30332.1301969262,29851.6041138951,30812.6562799574,"BAPC_count_space"
2001,"45-49 years",31286.2549912381,30798.1619605613,31774.3480219148,"BAPC_count_space"
2002,"45-49 years",32487.9151154004,31990.4523255944,32985.3779052064,"BAPC_count_space"
2003,"45-49 years",33495.391794551,32990.2038945993,34000.5796945026,"BAPC_count_space"
2004,"45-49 years",34122.0173420723,33612.07955128,34631.9551328646,"BAPC_count_space"
2005,"45-49 years",34375.8571215545,33864.0054294177,34887.7088136912,"BAPC_count_space"
2006,"45-49 years",34476.8798151088,33964.2731529505,34989.4864772671,"BAPC_count_space"
2007,"45-49 years",34785.9422244064,34271.0331172124,35300.8513316003,"BAPC_count_space"
2008,"45-49 years",35512.5403071382,34992.2461148439,36032.8344994325,"BAPC_count_space"
2009,"45-49 years",36467.72375483,35940.4293952029,36995.0181144572,"BAPC_count_space"
2010,"45-49 years",37589.8774131365,37054.4725408474,38125.2822854256,"BAPC_count_space"
2011,"45-49 years",38613.8686470149,38071.1655765829,39156.5717174469,"BAPC_count_space"
2012,"45-49 years",39257.344421102,38710.1029717756,39804.5858704283,"BAPC_count_space"
2013,"45-49 years",39539.0648109403,38989.8479541939,40088.2816676868,"BAPC_count_space"
2014,"45-49 years",39713.5390783573,39163.1032442369,40263.9749124777,"BAPC_count_space"
2015,"45-49 years",40006.5691482202,39454.092817871,40559.0454785693,"BAPC_count_space"
2016,"45-49 years",40461.8500570262,39906.2160519026,41017.4840621498,"BAPC_count_space"
2017,"45-49 years",40922.1783331027,40363.3671841767,41480.9894820288,"BAPC_count_space"
2018,"45-49 years",41377.0354067977,40815.1026197464,41938.968193849,"BAPC_count_space"
2019,"45-49 years",41760.8750709152,41196.3209915492,42325.4291502813,"BAPC_count_space"
2020,"45-49 years",42000.2974597423,41434.1042607703,42566.4906587144,"BAPC_count_space"
2021,"45-49 years",44391.6960203375,43809.4671683966,44973.9248722784,"BAPC_count_space"
2022,"45-49 years",45578.9495146072,41631.4503269771,49526.4487022372,"BAPC_count_space"
2023,"45-49 years",46483.4303691752,42212.6858975706,50754.1748407798,"BAPC_count_space"
2024,"45-49 years",47514.3932111649,42759.3423639956,52269.4440583342,"BAPC_count_space"
2025,"45-49 years",48729.6610111897,43303.9558084731,54155.3662139063,"BAPC_count_space"
2026,"45-49 years",50152.8226729073,43852.4366800831,56453.2086657315,"BAPC_count_space"
2027,"45-49 years",51767.9995898734,44379.3299194648,59156.669260282,"BAPC_count_space"
2028,"45-49 years",53548.192192983,44860.5440640578,62235.8403219081,"BAPC_count_space"
2029,"45-49 years",55484.5065661091,45282.707614601,65686.3055176172,"BAPC_count_space"
2030,"45-49 years",57561.8704668983,45621.4973716874,69502.2435621092,"BAPC_count_space"
2031,"45-49 years",59733.2774663041,45823.416712891,73643.1382197172,"BAPC_count_space"
2032,"45-49 years",61908.4563754421,45805.8892655625,78011.0234853216,"BAPC_count_space"
2033,"45-49 years",63987.5216294437,45498.7142361027,82476.3290227846,"BAPC_count_space"
2034,"45-49 years",65908.4535014884,44864.3867578419,86952.5202451349,"BAPC_count_space"
2035,"45-49 years",67645.1252728567,43892.0719158212,91398.1786298923,"BAPC_count_space"
2036,"45-49 years",69203.6123974494,42591.1232680099,95816.1015268888,"BAPC_count_space"
2037,"45-49 years",70607.6953331934,40981.6531980046,100233.737468382,"BAPC_count_space"
2038,"45-49 years",71903.7930742531,39104.9008212895,104702.685327217,"BAPC_count_space"
2039,"45-49 years",73186.5766442823,37016.0625213515,109357.090767213,"BAPC_count_space"
2040,"45-49 years",74558.2786709661,34754.4273272751,114362.130014657,"BAPC_count_space"
2041,"45-49 years",76092.3568038131,32325.0694426054,119859.644165021,"BAPC_count_space"
2042,"45-49 years",77799.1779605259,29694.1902709467,125904.165650105,"BAPC_count_space"
2043,"45-49 years",79668.8462522155,26828.9356183572,132508.756886074,"BAPC_count_space"
2044,"45-49 years",81712.6019615758,23697.7708450086,139727.433078143,"BAPC_count_space"
2045,"45-49 years",83946.3210122623,20260.2531667465,147632.388857778,"BAPC_count_space"
2046,"45-49 years",86370.9449225205,16461.5911360376,156280.298709003,"BAPC_count_space"
2047,"45-49 years",88939.4669792679,12235.4775594681,165643.456399068,"BAPC_count_space"
2048,"45-49 years",91693.6054158381,7542.28495476686,175844.925876909,"BAPC_count_space"
2049,"45-49 years",94689.1270152307,2320.62175673025,187057.632273731,"BAPC_count_space"
2050,"45-49 years",97970.8591230397,0,199465.534161967,"BAPC_count_space"
1990,"50-54 years",31281.052125204,30792.9184765407,31769.1857738673,"BAPC_count_space"
1991,"50-54 years",31775.5349713002,31283.5808525454,32267.489090055,"BAPC_count_space"
1992,"50-54 years",32218.2390946726,31722.8538341265,32713.6243552186,"BAPC_count_space"
1993,"50-54 years",32688.8828276618,32189.865640421,33187.9000149025,"BAPC_count_space"
1994,"50-54 years",33113.7491878524,32611.4754190433,33616.0229566615,"BAPC_count_space"
1995,"50-54 years",33476.0610620584,32971.0271994612,33981.0949246556,"BAPC_count_space"
1996,"50-54 years",34115.5588858638,33605.6857372702,34625.4320344573,"BAPC_count_space"
1997,"50-54 years",35093.2446757118,34576.058086317,35610.4312651066,"BAPC_count_space"
1998,"50-54 years",35926.1581540824,35402.8202193243,36449.4960888406,"BAPC_count_space"
1999,"50-54 years",37382.4313822183,36848.5138289455,37916.348935491,"BAPC_count_space"
2000,"50-54 years",38394.1020182295,37852.9543273164,38935.2497091426,"BAPC_count_space"
2001,"50-54 years",40549.848817167,39993.6135972273,41106.0840371067,"BAPC_count_space"
2002,"50-54 years",43037.7287065248,42464.5705967685,43610.886816281,"BAPC_count_space"
2003,"50-54 years",46182.538351619,45588.6728534725,46776.4038497655,"BAPC_count_space"
2004,"50-54 years",48859.236361648,48248.2952592779,49470.1774640181,"BAPC_count_space"
2005,"50-54 years",51709.7025423277,51081.0795104123,52338.3255742431,"BAPC_count_space"
2006,"50-54 years",52647.2748470633,52012.9499195899,53281.5997745367,"BAPC_count_space"
2007,"50-54 years",52670.7214164671,52036.2601621558,53305.1826707785,"BAPC_count_space"
2008,"50-54 years",51893.389851643,51263.6618285505,52523.1178747356,"BAPC_count_space"
2009,"50-54 years",50909.9134663974,50286.2196241886,51533.6073086062,"BAPC_count_space"
2010,"50-54 years",50386.597226923,49766.13440712,51007.060046726,"BAPC_count_space"
2011,"50-54 years",50514.1966097513,49892.9420772897,51135.4511422129,"BAPC_count_space"
2012,"50-54 years",51248.3684527904,50622.5910937646,51874.1458118163,"BAPC_count_space"
2013,"50-54 years",52784.7637986199,52149.6271341616,53419.9004630783,"BAPC_count_space"
2014,"50-54 years",54798.9479698973,54151.7454277765,55446.1505120181,"BAPC_count_space"
2015,"50-54 years",57028.3795020707,56368.0772289641,57688.6817751773,"BAPC_count_space"
2016,"50-54 years",59139.3382187764,58466.8649036121,59811.8115339408,"BAPC_count_space"
2017,"50-54 years",60871.8516999119,60189.5498041267,61554.1535956972,"BAPC_count_space"
2018,"50-54 years",62070.696892289,61381.6760208648,62759.7177637133,"BAPC_count_space"
2019,"50-54 years",62935.3786728419,62241.5515869787,63629.2057587052,"BAPC_count_space"
2020,"50-54 years",63173.9687150653,62478.8097290856,63869.127701045,"BAPC_count_space"
2021,"50-54 years",67270.762496211,66553.2911801885,67988.2338122336,"BAPC_count_space"
2022,"50-54 years",69419.0784104117,63418.3290600186,75419.8277608048,"BAPC_count_space"
2023,"50-54 years",70970.0326396829,64461.5503675768,77478.514911789,"BAPC_count_space"
2024,"50-54 years",72453.9011922346,65216.690138991,79691.1122454781,"BAPC_count_space"
2025,"50-54 years",73892.7975481353,65681.1324441396,82104.4626521311,"BAPC_count_space"
2026,"50-54 years",75330.8873652279,65883.741544289,84778.0331861668,"BAPC_count_space"
2027,"50-54 years",76795.6525802261,65850.5090492953,87740.7961111569,"BAPC_count_space"
2028,"50-54 years",78369.4145003741,65669.2642471192,91069.5647536291,"BAPC_count_space"
2029,"50-54 years",80166.9842985567,65439.8367069189,94894.1318901944,"BAPC_count_space"
2030,"50-54 years",82287.1695884511,65229.3359433681,99345.003233534,"BAPC_count_space"
2031,"50-54 years",84771.6246554099,65041.4313044358,104501.818006384,"BAPC_count_space"
2032,"50-54 years",87595.620361069,64821.0342687698,110370.206453368,"BAPC_count_space"
2033,"50-54 years",90715.324047099,64511.8710499354,116918.777044262,"BAPC_count_space"
2034,"50-54 years",94117.6690144344,64073.7764985811,124161.561530288,"BAPC_count_space"
2035,"50-54 years",97779.3337542703,63451.7949413764,132106.872567164,"BAPC_count_space"
2036,"50-54 years",101622.865650592,62551.5414503779,140694.189850805,"BAPC_count_space"
2037,"50-54 years",105496.79508581,61242.6799197289,149750.910251892,"BAPC_count_space"
2038,"50-54 years",109231.879818066,59420.798348867,159042.961287264,"BAPC_count_space"
2039,"50-54 years",112722.500151233,57032.0788348358,168412.92146763,"BAPC_count_space"
2040,"50-54 years",115923.786417118,54060.5414756252,177787.03135861,"BAPC_count_space"
2041,"50-54 years",118845.826830232,50515.0892915815,187176.564368882,"BAPC_count_space"
2042,"50-54 years",121529.111952313,46415.4991153543,196642.724789272,"BAPC_count_space"
2043,"50-54 years",124052.840142133,41807.3648257067,206298.315458559,"BAPC_count_space"
2044,"50-54 years",126580.407541318,36740.9472410992,216419.867841537,"BAPC_count_space"
2045,"50-54 years",129290.13712305,31230.251305219,227350.022940882,"BAPC_count_space"
2046,"50-54 years",132312.535081336,25233.1659358416,239391.904226831,"BAPC_count_space"
2047,"50-54 years",135669.78903898,18658.1172384849,252681.460839475,"BAPC_count_space"
2048,"50-54 years",139348.499339464,11419.8913937659,267277.107285163,"BAPC_count_space"
2049,"50-54 years",143372.558544286,3423.27667831682,283321.840410255,"BAPC_count_space"
2050,"50-54 years",147774.798333442,0,301000.123361185,"BAPC_count_space"
1990,"55-59 years",40185.1996082997,39631.3844554604,40739.014761139,"BAPC_count_space"
1991,"55-59 years",41100.0495806545,40539.979460305,41660.119701004,"BAPC_count_space"
1992,"55-59 years",42004.0736975287,41437.8557700152,42570.2916250421,"BAPC_count_space"
1993,"55-59 years",42765.6581029203,42194.3053218152,43337.0108840254,"BAPC_count_space"
1994,"55-59 years",43348.30253084,42773.0523629564,43923.5526987237,"BAPC_count_space"
1995,"55-59 years",43855.660898603,43277.0389308419,44434.2828663641,"BAPC_count_space"
1996,"55-59 years",44169.9328418826,43589.2306119092,44750.635071856,"BAPC_count_space"
1997,"55-59 years",44391.0675338739,43808.9039583553,44973.2311093925,"BAPC_count_space"
1998,"55-59 years",44715.7784194296,44131.475871927,45300.0809669322,"BAPC_count_space"
1999,"55-59 years",45115.5405852504,44528.615805457,45702.4653650437,"BAPC_count_space"
2000,"55-59 years",45667.3375548674,45076.8119010634,46257.8632086715,"BAPC_count_space"
2001,"55-59 years",47336.3227910832,46735.0418289891,47937.6037531773,"BAPC_count_space"
2002,"55-59 years",50532.3202550653,49910.9601618498,51153.6803482808,"BAPC_count_space"
2003,"55-59 years",53965.8372052359,53323.5979331619,54608.0764773099,"BAPC_count_space"
2004,"55-59 years",58344.8674612466,57676.9365679653,59012.7983545278,"BAPC_count_space"
2005,"55-59 years",61128.7345891085,60444.9783249959,61812.4908532211,"BAPC_count_space"
2006,"55-59 years",63917.0854739212,63217.8360856976,64616.3348621448,"BAPC_count_space"
2007,"55-59 years",65541.0263940473,64832.9169869046,66249.13580119,"BAPC_count_space"
2008,"55-59 years",67285.3168827273,66567.8097963761,68002.8239690784,"BAPC_count_space"
2009,"55-59 years",68366.602974932,67643.3354962849,69089.8704535792,"BAPC_count_space"
2010,"55-59 years",70644.7367528721,69909.4671107733,71380.0063949709,"BAPC_count_space"
2011,"55-59 years",71663.8909375394,70923.3168365637,72404.465038515,"BAPC_count_space"
2012,"55-59 years",72120.2011177262,71377.2642630381,72863.1379724143,"BAPC_count_space"
2013,"55-59 years",71922.6498463147,71180.7376760016,72664.5620166277,"BAPC_count_space"
2014,"55-59 years",71505.6810094374,70765.9326244548,72245.4293944199,"BAPC_count_space"
2015,"55-59 years",71489.312937082,70749.6476051775,72228.9782689866,"BAPC_count_space"
2016,"55-59 years",72267.6049083031,71523.9056044962,73011.30421211,"BAPC_count_space"
2017,"55-59 years",73968.9846064164,73216.5478265414,74721.4213862914,"BAPC_count_space"
2018,"55-59 years",76812.0883619405,76045.2741691552,77578.9025547258,"BAPC_count_space"
2019,"55-59 years",80232.5300545098,79448.7673081384,81016.2928008813,"BAPC_count_space"
2020,"55-59 years",82418.3580279564,81623.9444948791,83212.7715610337,"BAPC_count_space"
2021,"55-59 years",88225.071195959,87403.0255803187,89047.1168115992,"BAPC_count_space"
2022,"55-59 years",92877.6568635528,84852.2726216287,100903.041105477,"BAPC_count_space"
2023,"55-59 years",96378.1987204013,87544.3540014525,105212.04343935,"BAPC_count_space"
2024,"55-59 years",99463.6580995015,89534.6354617319,109392.680737271,"BAPC_count_space"
2025,"55-59 years",102258.022503336,90899.7254350073,113616.319571664,"BAPC_count_space"
2026,"55-59 years",104926.25421434,91772.0285395277,118080.479889152,"BAPC_count_space"
2027,"55-59 years",107495.323373018,92178.546885975,122812.099860061,"BAPC_count_space"
2028,"55-59 years",109966.865112161,92150.5334837222,127783.196740601,"BAPC_count_space"
2029,"55-59 years",112349.328185024,91716.5612817834,132982.095088265,"BAPC_count_space"
2030,"55-59 years",114677.72055685,90914.8150069543,138440.626106746,"BAPC_count_space"
2031,"55-59 years",117021.663490949,89796.431829032,144246.895152865,"BAPC_count_space"
2032,"55-59 years",119425.088258319,88386.6833130327,150463.493203606,"BAPC_count_space"
2033,"55-59 years",122016.984819496,86783.6643008523,157250.305338141,"BAPC_count_space"
2034,"55-59 years",124977.781375502,85093.8267267397,164861.736024264,"BAPC_count_space"
2035,"55-59 years",128464.220437036,83373.8941769839,173554.546697088,"BAPC_count_space"
2036,"55-59 years",132545.076879123,81593.457411662,183496.696346584,"BAPC_count_space"
2037,"55-59 years",137186.016639085,79645.8388624084,194726.194415762,"BAPC_count_space"
2038,"55-59 years",142322.350887943,77426.8873051071,207217.814470778,"BAPC_count_space"
2039,"55-59 years",147937.787901673,74853.0413563186,221022.534447028,"BAPC_count_space"
2040,"55-59 years",154000.315999564,71820.9879626719,236179.644036456,"BAPC_count_space"
2041,"55-59 years",160392.82262278,68180.6263735585,252605.018872001,"BAPC_count_space"
2042,"55-59 years",166880.468902603,63748.0351244815,270012.902680724,"BAPC_count_space"
2043,"55-59 years",173197.560080356,58388.9964197997,288006.123740912,"BAPC_count_space"
2044,"55-59 years",179177.134958345,52035.3719985051,306318.897918185,"BAPC_count_space"
2045,"55-59 years",184747.49092031,44661.6764752548,324833.305365365,"BAPC_count_space"
2046,"55-59 years",189924.087996531,36261.825338044,343586.350655018,"BAPC_count_space"
2047,"55-59 years",194771.081116133,26831.8703130323,362710.291919234,"BAPC_count_space"
2048,"55-59 years",199414.40816762,16389.8203160573,382438.996019182,"BAPC_count_space"
2049,"55-59 years",204117.318240498,4919.28870521151,403315.347775784,"BAPC_count_space"
2050,"55-59 years",209170.897375149,0,426018.683716565,"BAPC_count_space"
1990,"60-64 years",98435.5518757956,97567.1077709427,99303.9959806486,"BAPC_count_space"
1991,"60-64 years",101080.8632081,100200.824011975,101960.902404225,"BAPC_count_space"
1992,"60-64 years",103287.94788963,102398.332152982,104177.563626278,"BAPC_count_space"
1993,"60-64 years",105111.120288007,104213.667512719,106008.573063295,"BAPC_count_space"
1994,"60-64 years",106896.547572006,105991.486101806,107801.609042206,"BAPC_count_space"
1995,"60-64 years",108440.484921511,107528.89561905,109352.074223972,"BAPC_count_space"
1996,"60-64 years",110095.394493635,109176.857936049,111013.931051221,"BAPC_count_space"
1997,"60-64 years",111825.194047352,110899.449655957,112750.938438747,"BAPC_count_space"
1998,"60-64 years",113263.591685447,112331.896465036,114195.286905857,"BAPC_count_space"
1999,"60-64 years",114353.098324596,113416.922237649,115289.274411544,"BAPC_count_space"
2000,"60-64 years",115507.714328014,114566.81352642,116448.615129608,"BAPC_count_space"
2001,"60-64 years",116476.227729136,115531.381840348,117421.073617924,"BAPC_count_space"
2002,"60-64 years",117548.042266752,116598.848308045,118497.236225458,"BAPC_count_space"
2003,"60-64 years",119141.697969568,118186.075413414,120097.320525721,"BAPC_count_space"
2004,"60-64 years",120754.098372533,119792.016464418,121716.180280648,"BAPC_count_space"
2005,"60-64 years",122332.895782553,121364.531987455,123301.25957765,"BAPC_count_space"
2006,"60-64 years",125096.669980908,124117.404175067,126075.935786749,"BAPC_count_space"
2007,"60-64 years",129585.023689095,128588.305019824,130581.742358366,"BAPC_count_space"
2008,"60-64 years",133253.040478467,132242.283686426,134263.797270507,"BAPC_count_space"
2009,"60-64 years",139444.83292844,138410.810400569,140478.855456311,"BAPC_count_space"
2010,"60-64 years",143095.415693656,142047.9204705,144142.910916813,"BAPC_count_space"
2011,"60-64 years",148680.003423372,147612.223661497,149747.783185247,"BAPC_count_space"
2012,"60-64 years",152390.731568408,151309.68326414,153471.779872676,"BAPC_count_space"
2013,"60-64 years",157117.656513417,156019.938311742,158215.374715092,"BAPC_count_space"
2014,"60-64 years",160522.291955071,159412.721834675,161631.862075468,"BAPC_count_space"
2015,"60-64 years",166548.106163141,165417.866467913,167678.345858368,"BAPC_count_space"
2016,"60-64 years",169280.880755778,168141.388614067,170420.372897489,"BAPC_count_space"
2017,"60-64 years",170733.509863689,169589.128013374,171877.891714004,"BAPC_count_space"
2018,"60-64 years",170468.989656717,169325.492986404,171612.486327031,"BAPC_count_space"
2019,"60-64 years",169453.165506004,168313.081069382,170593.249942626,"BAPC_count_space"
2020,"60-64 years",166793.797294183,165662.689082533,167924.905505832,"BAPC_count_space"
2021,"60-64 years",171577.684410129,170430.415417628,172724.95340263,"BAPC_count_space"
2022,"60-64 years",198387.270512111,181264.543179868,215509.997844354,"BAPC_count_space"
2023,"60-64 years",208043.591977857,189004.062694101,227083.121261613,"BAPC_count_space"
2024,"60-64 years",218958.853213548,197129.366148995,240788.3402781,"BAPC_count_space"
2025,"60-64 years",230453.871051144,204877.541672379,256030.20042991,"BAPC_count_space"
2026,"60-64 years",241941.062806965,211623.466376884,272258.659237047,"BAPC_count_space"
2027,"60-64 years",252739.816403924,216737.295695486,288742.337112362,"BAPC_count_space"
2028,"60-64 years",262432.337469241,219924.778964077,304939.895974404,"BAPC_count_space"
2029,"60-64 years",271034.666210429,221270.702365629,320798.630055228,"BAPC_count_space"
2030,"60-64 years",278885.58871638,221105.455042262,336665.722390497,"BAPC_count_space"
2031,"60-64 years",286437.019754863,219803.626231432,353070.413278293,"BAPC_count_space"
2032,"60-64 years",293765.20477921,217421.181339942,370109.228218478,"BAPC_count_space"
2033,"60-64 years",300875.891890768,214001.921601201,387749.862180335,"BAPC_count_space"
2034,"60-64 years",307793.568058982,209578.451690443,406008.684427521,"BAPC_count_space"
2035,"60-64 years",314615.979375825,204204.193076654,425027.765674996,"BAPC_count_space"
2036,"60-64 years",321536.946751995,197956.42726721,445117.466236781,"BAPC_count_space"
2037,"60-64 years",328680.871819954,190845.855099496,466515.888540413,"BAPC_count_space"
2038,"60-64 years",336406.274472903,183038.527034637,489774.02191117,"BAPC_count_space"
2039,"60-64 years",345216.963371643,174695.738395938,515738.188347349,"BAPC_count_space"
2040,"60-64 years",355556.133950381,165841.581727941,545270.68617282,"BAPC_count_space"
2041,"60-64 years",367628.109095758,156290.287430239,578965.930761278,"BAPC_count_space"
2042,"60-64 years",381353.672239993,145687.957157832,617019.387322153,"BAPC_count_space"
2043,"60-64 years",396567.899390047,133697.481717609,659438.317062486,"BAPC_count_space"
2044,"60-64 years",413240.967248231,120010.112227626,706471.822268836,"BAPC_count_space"
2045,"60-64 years",431300.44315051,104263.471827657,758337.414473364,"BAPC_count_space"
2046,"60-64 years",450436.034298438,86008.1134517953,814863.95514508,"BAPC_count_space"
2047,"60-64 years",470003.695226799,64773.8390346432,875233.551418955,"BAPC_count_space"
2048,"60-64 years",489263.219804598,40264.1398729252,938262.29973627,"BAPC_count_space"
2049,"60-64 years",507745.743633421,12317.099150299,1003174.38811654,"BAPC_count_space"
2050,"60-64 years",525247.812754368,0,1069667.71233896,"BAPC_count_space"
1990,"65-69 years",256565.3368674,255162.082240709,257968.591494091,"BAPC_count_space"
1991,"65-69 years",264320.736770515,262896.426934816,265745.046606214,"BAPC_count_space"
1992,"65-69 years",272130.306114258,270685.089463375,273575.522765141,"BAPC_count_space"
1993,"65-69 years",280448.277242482,278981.117329609,281915.437155355,"BAPC_count_space"
1994,"65-69 years",288609.313788767,287120.939469314,290097.688108221,"BAPC_count_space"
1995,"65-69 years",296361.592128595,294853.342526294,297869.841730896,"BAPC_count_space"
1996,"65-69 years",303992.084722915,302464.523594685,305519.645851144,"BAPC_count_space"
1997,"65-69 years",311219.953560012,309674.321156316,312765.585963708,"BAPC_count_space"
1998,"65-69 years",317746.713182716,316184.942258056,319308.484107376,"BAPC_count_space"
1999,"65-69 years",324523.915848685,322945.56229487,326102.269402501,"BAPC_count_space"
2000,"65-69 years",330108.442566245,328516.555439078,331700.329693412,"BAPC_count_space"
2001,"65-69 years",333331.701777555,331732.056757877,334931.346797233,"BAPC_count_space"
2002,"65-69 years",333282.498403087,331682.973298844,334882.023507329,"BAPC_count_space"
2003,"65-69 years",330891.030397422,329297.2602838,332484.800511044,"BAPC_count_space"
2004,"65-69 years",328115.124310342,326528.058915232,329702.189705451,"BAPC_count_space"
2005,"65-69 years",328466.81048637,326878.893870785,330054.727101954,"BAPC_count_space"
2006,"65-69 years",330912.302289167,329318.480515927,332506.124062406,"BAPC_count_space"
2007,"65-69 years",334113.566372084,332512.047060149,335715.08568402,"BAPC_count_space"
2008,"65-69 years",339162.36631275,337548.781975206,340775.950650293,"BAPC_count_space"
2009,"65-69 years",344288.390163983,342662.647988834,345914.132339133,"BAPC_count_space"
2010,"65-69 years",349474.836706622,347836.885313397,351112.788099847,"BAPC_count_space"
2011,"65-69 years",358031.792180484,356373.893010019,359689.691350948,"BAPC_count_space"
2012,"65-69 years",371826.081182735,370136.520849602,373515.641515867,"BAPC_count_space"
2013,"65-69 years",383144.099436521,381428.997728739,384859.201144303,"BAPC_count_space"
2014,"65-69 years",402603.091645663,400844.945278721,404361.238012605,"BAPC_count_space"
2015,"65-69 years",414146.373915629,412363.183760821,415929.564070437,"BAPC_count_space"
2016,"65-69 years",431706.783237365,429886.154858385,433527.411616345,"BAPC_count_space"
2017,"65-69 years",443708.476160358,441862.695343203,445554.256977513,"BAPC_count_space"
2018,"65-69 years",459310.687259631,457432.712641397,461188.661877866,"BAPC_count_space"
2019,"65-69 years",471459.477832867,469556.81061309,473362.145052644,"BAPC_count_space"
2020,"65-69 years",487388.886050677,485454.319341089,489323.452760265,"BAPC_count_space"
2021,"65-69 years",506541.273799026,504569.026568122,508513.52102993,"BAPC_count_space"
2022,"65-69 years",554997.903197296,507166.187047541,602829.619347051,"BAPC_count_space"
2023,"65-69 years",569078.817378892,517044.90737347,621112.727384314,"BAPC_count_space"
2024,"65-69 years",581857.444589534,523876.819539964,639838.069639103,"BAPC_count_space"
2025,"65-69 years",596196.449560963,530025.34930871,662367.549813217,"BAPC_count_space"
2026,"65-69 years",615434.797557836,538301.889558426,692567.705557245,"BAPC_count_space"
2027,"65-69 years",641237.311350906,549906.140656954,732568.482044858,"BAPC_count_space"
2028,"65-69 years",672876.800018099,563916.428976099,781837.171060099,"BAPC_count_space"
2029,"65-69 years",708705.375618964,578606.733872252,838804.017365677,"BAPC_count_space"
2030,"65-69 years",746544.336071612,591885.506197531,901203.165945692,"BAPC_count_space"
2031,"65-69 years",784508.287353856,602008.09189882,967008.482808892,"BAPC_count_space"
2032,"65-69 years",820403.387231765,607188.590315485,1033618.18414805,"BAPC_count_space"
2033,"65-69 years",852876.01976853,606613.725077582,1099138.31445948,"BAPC_count_space"
2034,"65-69 years",881976.360806021,600538.848504094,1163413.87310795,"BAPC_count_space"
2035,"65-69 years",908805.400243363,589860.113885259,1227750.68660147,"BAPC_count_space"
2036,"65-69 years",934839.204221784,575528.120957014,1294150.28748655,"BAPC_count_space"
2037,"65-69 years",960334.201437903,557596.908553253,1363071.49432255,"BAPC_count_space"
2038,"65-69 years",985313.300866533,536100.565501107,1434526.03623196,"BAPC_count_space"
2039,"65-69 years",1009861.73571337,511042.549335012,1508680.92209172,"BAPC_count_space"
2040,"65-69 years",1034307.48886501,482456.392952497,1586158.58477753,"BAPC_count_space"
2041,"65-69 years",1059299.43116721,450383.300027824,1668215.56230659,"BAPC_count_space"
2042,"65-69 years",1085263.36637387,414654.678094954,1755872.05465278,"BAPC_count_space"
2043,"65-69 years",1113399.70707748,375426.68817496,1851372.72598001,"BAPC_count_space"
2044,"65-69 years",1145404.72626924,332696.898093976,1958112.55444451,"BAPC_count_space"
2045,"65-69 years",1182794.204935,285979.68231855,2079608.72755144,"BAPC_count_space"
2046,"65-69 years",1226308.82225119,234188.479041688,2218429.16546068,"BAPC_count_space"
2047,"65-69 years",1275754.02407795,175827.064193248,2375680.98396266,"BAPC_count_space"
2048,"65-69 years",1330644.16400517,109485.657333798,2551802.67067653,"BAPC_count_space"
2049,"65-69 years",1390947.97243921,33697.8519580609,2748198.09292037,"BAPC_count_space"
2050,"65-69 years",1456496.45941882,0,2966203.77348107,"BAPC_count_space"
1990,"70-74 years",322071.670168177,320499.274218986,323644.066117368,"BAPC_count_space"
1991,"70-74 years",333632.311458116,332031.937884122,335232.685032109,"BAPC_count_space"
1992,"70-74 years",346171.596430305,344541.405606894,347801.787253716,"BAPC_count_space"
1993,"70-74 years",359161.638670862,357501.120232954,360822.15710877,"BAPC_count_space"
1994,"70-74 years",373133.82780905,371441.294700755,374826.360917345,"BAPC_count_space"
1995,"70-74 years",386597.13480533,384874.315924545,388319.953686116,"BAPC_count_space"
1996,"70-74 years",400077.255348386,398324.636343437,401829.874353335,"BAPC_count_space"
1997,"70-74 years",415010.125264766,413225.074092818,416795.176436715,"BAPC_count_space"
1998,"70-74 years",431167.69543183,429348.202963599,432987.187900062,"BAPC_count_space"
1999,"70-74 years",446599.1344786,444747.347263578,448450.921693621,"BAPC_count_space"
2000,"70-74 years",460117.635613355,458238.013902234,461997.257324476,"BAPC_count_space"
2001,"70-74 years",468060.258759392,466164.475016588,469956.042502197,"BAPC_count_space"
2002,"70-74 years",469098.556375871,467200.670890747,470996.441860995,"BAPC_count_space"
2003,"70-74 years",466461.417277258,464568.876367102,468353.958187414,"BAPC_count_space"
2004,"70-74 years",465453.468635752,463562.972599583,467343.96467192,"BAPC_count_space"
2005,"70-74 years",468432.122468535,466535.582107718,470328.662829353,"BAPC_count_space"
2006,"70-74 years",476616.077828414,474703.032757812,478529.122899016,"BAPC_count_space"
2007,"70-74 years",486203.197314402,484270.997318877,488135.397309927,"BAPC_count_space"
2008,"70-74 years",495165.061678547,493215.12608597,497114.997271124,"BAPC_count_space"
2009,"70-74 years",502889.949600353,500924.854991436,504855.044209271,"BAPC_count_space"
2010,"70-74 years",510925.351918639,508944.612117777,512906.091719502,"BAPC_count_space"
2011,"70-74 years",517584.745856674,515591.132371721,519578.359341627,"BAPC_count_space"
2012,"70-74 years",523546.39651942,521541.327656483,525551.465382358,"BAPC_count_space"
2013,"70-74 years",531737.154993423,529716.453724214,533757.856262633,"BAPC_count_space"
2014,"70-74 years",540236.398615269,538199.603378342,542273.193852195,"BAPC_count_space"
2015,"70-74 years",550031.179115438,547975.993253844,552086.364977031,"BAPC_count_space"
2016,"70-74 years",565719.528660804,563635.223942738,567803.833378869,"BAPC_count_space"
2017,"70-74 years",589442.470070251,587314.89005578,591570.050084723,"BAPC_count_space"
2018,"70-74 years",608972.641284294,606810.084282998,611135.198285591,"BAPC_count_space"
2019,"70-74 years",643264.433236914,641041.794395429,645487.072078399,"BAPC_count_space"
2020,"70-74 years",659521.116499086,657270.552333134,661771.680665039,"BAPC_count_space"
2021,"70-74 years",705212.165226266,702884.904186415,707539.426266117,"BAPC_count_space"
2022,"70-74 years",757405.528046869,692189.249584676,822621.806509062,"BAPC_count_space"
2023,"70-74 years",798338.55900789,725368.879995615,871308.238020166,"BAPC_count_space"
2024,"70-74 years",838258.001584948,754744.064369637,921771.93880026,"BAPC_count_space"
2025,"70-74 years",875892.004213401,778732.750758504,973051.257668298,"BAPC_count_space"
2026,"70-74 years",909791.474705324,795837.814707351,1023745.1347033,"BAPC_count_space"
2027,"70-74 years",939004.872721374,805304.046704544,1072705.6987382,"BAPC_count_space"
2028,"70-74 years",963440.460213743,807458.199980872,1119422.72044661,"BAPC_count_space"
2029,"70-74 years",985804.254304862,804866.409842075,1166742.09876765,"BAPC_count_space"
2030,"70-74 years",1010954.29771581,801530.356140403,1220378.23929122,"BAPC_count_space"
2031,"70-74 years",1044576.79039998,801586.468204534,1287567.11259542,"BAPC_count_space"
2032,"70-74 years",1089539.45166145,806412.301242683,1372666.60208021,"BAPC_count_space"
2033,"70-74 years",1144655.07011759,814190.539022885,1475119.60121229,"BAPC_count_space"
2034,"70-74 years",1207170.19716331,822003.74526703,1592336.6490596,"BAPC_count_space"
2035,"70-74 years",1273418.66615152,826536.58585452,1720300.74644851,"BAPC_count_space"
2036,"70-74 years",1340220.15123043,825106.812586582,1855333.48987427,"BAPC_count_space"
2037,"70-74 years",1403848.75370568,815114.406545434,1992583.10086592,"BAPC_count_space"
2038,"70-74 years",1461987.43315365,795457.456674768,2128517.40963253,"BAPC_count_space"
2039,"70-74 years",1514711.89449432,766527.462398389,2262896.32659026,"BAPC_count_space"
2040,"70-74 years",1563905.32148242,729489.283937835,2398321.359027,"BAPC_count_space"
2041,"70-74 years",1612112.74194667,685418.822821498,2538806.66107184,"BAPC_count_space"
2042,"70-74 years",1659792.15453839,634164.628720875,2685419.68035591,"BAPC_count_space"
2043,"70-74 years",1706993.50286125,575585.902500348,2838401.10322214,"BAPC_count_space"
2044,"70-74 years",1753876.88171466,509464.373742556,2998289.38968676,"BAPC_count_space"
2045,"70-74 years",1801029.38242313,435521.571733794,3166537.19311247,"BAPC_count_space"
2046,"70-74 years",1849608.29384623,353313.132806107,3345903.45488635,"BAPC_count_space"
2047,"70-74 years",1900394.77106472,262033.065485854,3538756.47664359,"BAPC_count_space"
2048,"70-74 years",1955532.28055526,161033.361986958,3750031.19912355,"BAPC_count_space"
2049,"70-74 years",2018068.69817735,49023.9479373214,3987113.44841738,"BAPC_count_space"
2050,"70-74 years",2090779.69176195,0,4257825.56815805,"BAPC_count_space"
1990,"75-79 years",290358.662847717,288865.747710679,291851.577984755,"BAPC_count_space"
1991,"75-79 years",297297.240496798,295786.596604137,298807.884389459,"BAPC_count_space"
1992,"75-79 years",304549.700903717,303020.731022271,306078.670785162,"BAPC_count_space"
1993,"75-79 years",312480.173116226,310931.408098368,314028.938134085,"BAPC_count_space"
1994,"75-79 years",320216.421961402,318648.587393828,321784.256528976,"BAPC_count_space"
1995,"75-79 years",330842.460564822,329248.804246469,332436.116883175,"BAPC_count_space"
1996,"75-79 years",344812.832673222,343185.849663719,346439.815682724,"BAPC_count_space"
1997,"75-79 years",361073.392844308,359408.458814411,362738.326874205,"BAPC_count_space"
1998,"75-79 years",378224.117078105,376520.069853071,379928.164303138,"BAPC_count_space"
1999,"75-79 years",395902.067808198,394158.62343467,397645.512181726,"BAPC_count_space"
2000,"75-79 years",411453.740364828,409676.360141076,413231.120588581,"BAPC_count_space"
2001,"75-79 years",421563.040590612,419763.944298448,423362.136882775,"BAPC_count_space"
2002,"75-79 years",426907.050956358,425096.579142262,428717.522770453,"BAPC_count_space"
2003,"75-79 years",430821.377642056,429002.616427204,432640.138856908,"BAPC_count_space"
2004,"75-79 years",435061.965941582,433234.265586095,436889.666297068,"BAPC_count_space"
2005,"75-79 years",443164.018977838,441319.365529423,445008.672426253,"BAPC_count_space"
2006,"75-79 years",455413.761203504,453543.771665321,457283.750741686,"BAPC_count_space"
2007,"75-79 years",468386.786580549,466490.335128436,470283.238032661,"BAPC_count_space"
2008,"75-79 years",481094.684122167,479172.664931083,483016.70331325,"BAPC_count_space"
2009,"75-79 years",494947.41664571,492997.9086678,496896.92462362,"BAPC_count_space"
2010,"75-79 years",507817.994560501,505843.289326053,509792.69979495,"BAPC_count_space"
2011,"75-79 years",520237.041859336,518238.323442228,522235.760276443,"BAPC_count_space"
2012,"75-79 years",532138.004484322,530116.541462799,534159.467505844,"BAPC_count_space"
2013,"75-79 years",542583.425871822,540542.208752757,544624.642990887,"BAPC_count_space"
2014,"75-79 years",551833.18272022,549774.631199265,553891.734241175,"BAPC_count_space"
2015,"75-79 years",562751.470982234,560672.644162377,564830.297802091,"BAPC_count_space"
2016,"75-79 years",573275.24106273,571177.056240558,575373.425884902,"BAPC_count_space"
2017,"75-79 years",582988.260357202,580872.365394387,585104.155320018,"BAPC_count_space"
2018,"75-79 years",595412.344785446,593274.010624351,597550.678946541,"BAPC_count_space"
2019,"75-79 years",608934.548641314,606772.057376193,611097.039906434,"BAPC_count_space"
2020,"75-79 years",618749.905547696,616570.046392759,620929.764702634,"BAPC_count_space"
2021,"75-79 years",662359.904429923,660104.486521925,664615.32233792,"BAPC_count_space"
2022,"75-79 years",670581.684689799,612838.639719597,728324.72966,"BAPC_count_space"
2023,"75-79 years",706531.262174922,641959.781010485,771102.74333936,"BAPC_count_space"
2024,"75-79 years",746367.558414899,672026.140344325,820708.976485474,"BAPC_count_space"
2025,"75-79 years",788951.758145529,701469.231903731,876434.284387327,"BAPC_count_space"
2026,"75-79 years",834538.044107298,730052.960419977,939023.127794619,"BAPC_count_space"
2027,"75-79 years",882100.864476121,756534.6714746,1007667.05747764,"BAPC_count_space"
2028,"75-79 years",930364.420096512,779733.784443342,1080995.05574968,"BAPC_count_space"
2029,"75-79 years",977610.089462766,798152.692226844,1157067.48669869,"BAPC_count_space"
2030,"75-79 years",1022367.18296974,810569.872493128,1234164.49344635,"BAPC_count_space"
2031,"75-79 years",1062954.19976307,815687.803302391,1310220.59622376,"BAPC_count_space"
2032,"75-79 years",1098262.97747466,812853.829557514,1383672.1253918,"BAPC_count_space"
2033,"75-79 years",1128179.17972437,802457.973876995,1453900.38557174,"BAPC_count_space"
2034,"75-79 years",1155865.55855526,787064.473926272,1524666.64318424,"BAPC_count_space"
2035,"75-79 years",1187027.49358244,770454.269193966,1603600.71797091,"BAPC_count_space"
2036,"75-79 years",1228379.44735347,756245.707107326,1700513.18759961,"BAPC_count_space"
2037,"75-79 years",1283362.86248631,745168.540133822,1821557.1848388,"BAPC_count_space"
2038,"75-79 years",1350660.47113033,734904.903335001,1966416.03892566,"BAPC_count_space"
2039,"75-79 years",1427104.0877456,722203.079642663,2132005.09584853,"BAPC_count_space"
2040,"75-79 years",1508429.60009253,703604.519434991,2313254.68075007,"BAPC_count_space"
2041,"75-79 years",1590922.69971004,676383.299179278,2505462.10024081,"BAPC_count_space"
2042,"75-79 years",1670191.19363368,638100.216540462,2702282.17072691,"BAPC_count_space"
2043,"75-79 years",1743475.34205915,587846.701409551,2899103.98270874,"BAPC_count_space"
2044,"75-79 years",1810847.85357555,525969.555948629,3095726.15120247,"BAPC_count_space"
2045,"75-79 years",1874547.44795681,453247.399646346,3295847.49626727,"BAPC_count_space"
2046,"75-79 years",1937632.43032164,370068.134174222,3505196.72646906,"BAPC_count_space"
2047,"75-79 years",2000679.13988699,275800.173003863,3725558.10677011,"BAPC_count_space"
2048,"75-79 years",2063767.8993473,169896.729477554,3957639.06921704,"BAPC_count_space"
2049,"75-79 years",2127115.84549459,51649.9020530065,4202581.78893618,"BAPC_count_space"
2050,"75-79 years",2191466.4799338,0,4462855.87226788,"BAPC_count_space"
1990,"80-84 years",213994.644533925,212713.195269871,215276.093797979,"BAPC_count_space"
1991,"80-84 years",221224.687780015,219921.770622133,222527.604937897,"BAPC_count_space"
1992,"80-84 years",228700.053067234,227375.2869246,230024.819209868,"BAPC_count_space"
1993,"80-84 years",236698.785479154,235351.027607307,238046.543351002,"BAPC_count_space"
1994,"80-84 years",244958.257638757,243587.162346376,246329.352931139,"BAPC_count_space"
1995,"80-84 years",252784.503434383,251391.655927389,254177.350941377,"BAPC_count_space"
1996,"80-84 years",260378.879422245,258965.243089752,261792.515754739,"BAPC_count_space"
1997,"80-84 years",269169.665872208,267732.33932411,270606.992420306,"BAPC_count_space"
1998,"80-84 years",278828.831403683,277365.9162671,280291.746540267,"BAPC_count_space"
1999,"80-84 years",287924.761571963,286438.153643655,289411.36950027,"BAPC_count_space"
2000,"80-84 years",299082.747223949,297567.581697807,300597.912750092,"BAPC_count_space"
2001,"80-84 years",309699.118587681,308157.27278149,311240.964393871,"BAPC_count_space"
2002,"80-84 years",317660.74507131,316099.188462891,319222.301679729,"BAPC_count_space"
2003,"80-84 years",324028.672907824,322451.524537792,325605.821277856,"BAPC_count_space"
2004,"80-84 years",330871.409441075,329277.674762231,332465.144119918,"BAPC_count_space"
2005,"80-84 years",339812.940175301,338197.792238767,341428.088111836,"BAPC_count_space"
2006,"80-84 years",351466.795376515,349824.162611871,353109.428141159,"BAPC_count_space"
2007,"80-84 years",365099.789558917,363425.579783763,366773.999334071,"BAPC_count_space"
2008,"80-84 years",380251.692457081,378543.072740757,381960.312173404,"BAPC_count_space"
2009,"80-84 years",395328.866028785,393586.680301219,397071.051756352,"BAPC_count_space"
2010,"80-84 years",409945.732562043,408171.611321538,411719.853802549,"BAPC_count_space"
2011,"80-84 years",423777.139098315,421973.31807949,425580.960117139,"BAPC_count_space"
2012,"80-84 years",436856.251768361,435024.788831113,438687.714705609,"BAPC_count_space"
2013,"80-84 years",449396.485283308,447538.905505887,451254.065060728,"BAPC_count_space"
2014,"80-84 years",462855.273815919,460970.066949337,464740.480682502,"BAPC_count_space"
2015,"80-84 years",477223.021183019,475308.761018432,479137.281347606,"BAPC_count_space"
2016,"80-84 years",493742.788965734,491795.658085402,495689.919846066,"BAPC_count_space"
2017,"80-84 years",511023.139038679,509042.206040587,513004.072036771,"BAPC_count_space"
2018,"80-84 years",527597.606042486,525584.784598011,529610.427486961,"BAPC_count_space"
2019,"80-84 years",543150.888318003,541108.596424606,545193.1802114,"BAPC_count_space"
2020,"80-84 years",553884.54338036,551822.158701953,555946.928058767,"BAPC_count_space"
2021,"80-84 years",591206.818107781,589076.027198225,593337.609017337,"BAPC_count_space"
2022,"80-84 years",552947.773548973,505324.781212987,600570.76588496,"BAPC_count_space"
2023,"80-84 years",568454.047044664,516484.762398155,620423.331691172,"BAPC_count_space"
2024,"80-84 years",586516.105643764,528073.532051581,644958.679235946,"BAPC_count_space"
2025,"80-84 years",608198.034166889,540731.091757929,675664.97657585,"BAPC_count_space"
2026,"80-84 years",634713.377690897,555223.026879625,714203.728502169,"BAPC_count_space"
2027,"80-84 years",666241.674907367,571386.465917918,761096.883896815,"BAPC_count_space"
2028,"80-84 years",702405.178074142,588673.043424342,816137.312723942,"BAPC_count_space"
2029,"80-84 years",742559.145464749,606247.348316902,878870.942612596,"BAPC_count_space"
2030,"80-84 years",785592.074224735,622852.42436197,948331.724087501,"BAPC_count_space"
2031,"80-84 years",831781.260597393,638302.412560624,1025260.10863416,"BAPC_count_space"
2032,"80-84 years",880130.562870187,651412.53140388,1108848.59433649,"BAPC_count_space"
2033,"80-84 years",929387.410070522,661041.324027515,1197733.49611353,"BAPC_count_space"
2034,"80-84 years",977851.660522885,665815.047003388,1289888.27404238,"BAPC_count_space"
2035,"80-84 years",1024063.70823197,664652.662021282,1383474.75444265,"BAPC_count_space"
2036,"80-84 years",1066344.67831225,656466.79050276,1476222.56612174,"BAPC_count_space"
2037,"80-84 years",1103579.69289402,640749.665448676,1566409.72033936,"BAPC_count_space"
2038,"80-84 years",1135639.24198092,617883.709157126,1653394.77480472,"BAPC_count_space"
2039,"80-84 years",1165695.50250668,589896.026668804,1741494.97834456,"BAPC_count_space"
2040,"80-84 years",1199513.61732902,559491.873528417,1839535.36112962,"BAPC_count_space"
2041,"80-84 years",1243930.1508799,528842.774439764,1959017.52732004,"BAPC_count_space"
2042,"80-84 years",1302524.32040084,497631.396945875,2107417.24385581,"BAPC_count_space"
2043,"80-84 years",1374070.11591043,463301.39511409,2284838.83670677,"BAPC_count_space"
2044,"80-84 years",1455452.96810038,422743.330504368,2488162.60569639,"BAPC_count_space"
2045,"80-84 years",1542416.66810544,372925.67050838,2711907.6657025,"BAPC_count_space"
2046,"80-84 years",1631232.36106408,311514.999039268,2950949.72308889,"BAPC_count_space"
2047,"80-84 years",1717436.85210451,236706.207337606,3198167.49687142,"BAPC_count_space"
2048,"80-84 years",1798190.70080145,147976.507286966,3448404.89431593,"BAPC_count_space"
2049,"80-84 years",1873549.0785738,45426.4287733487,3701671.72837425,"BAPC_count_space"
2050,"80-84 years",1945815.53023538,0,3962674.76528778,"BAPC_count_space"
1990,"85-89 years",116160.173990779,115216.506487123,117103.841494435,"BAPC_count_space"
1991,"85-89 years",123401.970765975,122429.312496628,124374.629035322,"BAPC_count_space"
1992,"85-89 years",130649.164123739,129648.308482138,131650.019765339,"BAPC_count_space"
1993,"85-89 years",136830.211639746,135805.917403696,137854.505875797,"BAPC_count_space"
1994,"85-89 years",142763.100365171,141716.800082065,143809.400648277,"BAPC_count_space"
1995,"85-89 years",148429.102371157,147362.208311437,149495.996430877,"BAPC_count_space"
1996,"85-89 years",154297.215944562,153209.401122725,155385.030766399,"BAPC_count_space"
1997,"85-89 years",160643.163499678,159533.165637303,161753.161362053,"BAPC_count_space"
1998,"85-89 years",167347.470382571,166214.507976859,168480.432788284,"BAPC_count_space"
1999,"85-89 years",174239.605006339,173083.510767659,175395.699245019,"BAPC_count_space"
2000,"85-89 years",180742.90995078,179565.406393102,181920.413508457,"BAPC_count_space"
2001,"85-89 years",185715.797393248,184522.181425703,186909.413360793,"BAPC_count_space"
2002,"85-89 years",189752.084421334,188545.546742904,190958.622099764,"BAPC_count_space"
2003,"85-89 years",193264.486049094,192046.812308158,194482.159790031,"BAPC_count_space"
2004,"85-89 years",196448.618445638,195220.933051632,197676.303839644,"BAPC_count_space"
2005,"85-89 years",202942.523217589,201694.680102311,204190.366332867,"BAPC_count_space"
2006,"85-89 years",212737.711221773,211460.070971893,214015.351471652,"BAPC_count_space"
2007,"85-89 years",223720.632943184,222410.388617358,225030.877269009,"BAPC_count_space"
2008,"85-89 years",234790.049211582,233447.744459629,236132.353963534,"BAPC_count_space"
2009,"85-89 years",246356.546490509,244981.540447948,247731.552533071,"BAPC_count_space"
2010,"85-89 years",258145.515190422,256737.960730982,259553.069649862,"BAPC_count_space"
2011,"85-89 years",269497.930095368,268059.727618798,270936.132571938,"BAPC_count_space"
2012,"85-89 years",281512.000030559,280042.058687536,282981.941373581,"BAPC_count_space"
2013,"85-89 years",293939.616988676,292437.54928931,295441.684688041,"BAPC_count_space"
2014,"85-89 years",305238.262363293,303707.571710336,306768.953016251,"BAPC_count_space"
2015,"85-89 years",317003.393127288,315443.45584002,318563.330414556,"BAPC_count_space"
2016,"85-89 years",331017.392548795,329423.317113503,332611.467984087,"BAPC_count_space"
2017,"85-89 years",346228.191575094,344597.869445424,347858.513704764,"BAPC_count_space"
2018,"85-89 years",362365.51631479,360697.599334514,364033.433295065,"BAPC_count_space"
2019,"85-89 years",379948.28824693,378240.350134518,381656.226359342,"BAPC_count_space"
2020,"85-89 years",393821.112995291,392082.24775453,395559.978236053,"BAPC_count_space"
2021,"85-89 years",427965.879083117,426153.118873688,429778.639292547,"BAPC_count_space"
2022,"85-89 years",392128.556404098,358336.768583706,425920.344224491,"BAPC_count_space"
2023,"85-89 years",403178.013103069,366299.20005035,440056.826155788,"BAPC_count_space"
2024,"85-89 years",414081.504118631,372803.732210646,455359.276026616,"BAPC_count_space"
2025,"85-89 years",424909.695049859,377760.168461345,472059.221638373,"BAPC_count_space"
2026,"85-89 years",435962.768428482,381347.499760689,490578.037096275,"BAPC_count_space"
2027,"85-89 years",447425.543687696,383705.452860555,511145.634514837,"BAPC_count_space"
2028,"85-89 years",460265.265595238,385719.84271786,534810.688472617,"BAPC_count_space"
2029,"85-89 years",475241.903211562,387980.566717123,562503.239706001,"BAPC_count_space"
2030,"85-89 years",493228.467748134,391032.189415839,595424.746080429,"BAPC_count_space"
2031,"85-89 years",515225.235314771,395361.182111728,635089.288517814,"BAPC_count_space"
2032,"85-89 years",541398.612863389,400691.729030453,682105.496696326,"BAPC_count_space"
2033,"85-89 years",571462.692156458,406451.219914421,736474.164398495,"BAPC_count_space"
2034,"85-89 years",604915.663708299,411877.892700561,797953.434716037,"BAPC_count_space"
2035,"85-89 years",640875.450812012,415947.641272622,865803.260351402,"BAPC_count_space"
2036,"85-89 years",679592.636288357,418372.495451283,940812.777125431,"BAPC_count_space"
2037,"85-89 years",720279.364958649,418195.914208779,1022362.81570852,"BAPC_count_space"
2038,"85-89 years",761931.019163124,414535.763029968,1109326.27529628,"BAPC_count_space"
2039,"85-89 years",803169.801089054,406413.120651483,1199926.48152663,"BAPC_count_space"
2040,"85-89 years",842806.71288835,393088.25972345,1292525.16605325,"BAPC_count_space"
2041,"85-89 years",879463.160546937,373873.732047646,1385052.58904623,"BAPC_count_space"
2042,"85-89 years",912213.79507458,348489.453142568,1475938.13700659,"BAPC_count_space"
2043,"85-89 years",940934.97142984,317238.811338877,1564631.1315208,"BAPC_count_space"
2044,"85-89 years",968242.418686801,281215.785858685,1655269.05151492,"BAPC_count_space"
2045,"85-89 years",998937.339627975,241508.247896839,1756366.43135911,"BAPC_count_space"
2046,"85-89 years",1038769.268038,198361.399828753,1879177.13624725,"BAPC_count_space"
2047,"85-89 years",1090829.11979623,150345.303193361,2031312.93639909,"BAPC_count_space"
2048,"85-89 years",1154210.66490826,94992.2962443728,2213429.03357215,"BAPC_count_space"
2049,"85-89 years",1226415.18721906,29743.7979287689,2423086.57650936,"BAPC_count_space"
2050,"85-89 years",1303956.75785397,0,2655525.34176554,"BAPC_count_space"
1990,"90-94 years",34170.127073029,33659.6067998278,34680.6473462303,"BAPC_count_space"
1991,"90-94 years",36645.1033423452,36116.3702018351,37173.8364828552,"BAPC_count_space"
1992,"90-94 years",39233.9812638913,38686.8015385217,39781.1609892609,"BAPC_count_space"
1993,"90-94 years",42262.8172076102,41694.7946066473,42830.8398085731,"BAPC_count_space"
1994,"90-94 years",45539.7120961384,44949.9630686163,46129.4611236604,"BAPC_count_space"
1995,"90-94 years",48848.6170570676,48237.70861505,49459.5254990853,"BAPC_count_space"
1996,"90-94 years",52217.0749707423,51585.3462671128,52848.8036743719,"BAPC_count_space"
1997,"90-94 years",55777.7217242889,55124.7025268544,56430.7409217234,"BAPC_count_space"
1998,"90-94 years",59055.6389405332,58383.6157600328,59727.6621210337,"BAPC_count_space"
1999,"90-94 years",62381.3036287772,61690.5348854758,63072.0723720787,"BAPC_count_space"
2000,"90-94 years",65677.7977427468,64968.9375209278,66386.6579645658,"BAPC_count_space"
2001,"90-94 years",68868.5387758568,68142.5949860661,69594.4825656476,"BAPC_count_space"
2002,"90-94 years",71939.6873144185,71197.6694695614,72681.7051592756,"BAPC_count_space"
2003,"90-94 years",74813.8219667999,74057.0686070925,75570.5753265073,"BAPC_count_space"
2004,"90-94 years",77423.1656534156,76653.2771296435,78193.0541771877,"BAPC_count_space"
2005,"90-94 years",80007.3453927566,79224.6662840264,80790.0245014869,"BAPC_count_space"
2006,"90-94 years",82724.7611106154,81928.8554425641,83520.6667786667,"BAPC_count_space"
2007,"90-94 years",85788.5872215182,84978.0305803181,86599.1438627183,"BAPC_count_space"
2008,"90-94 years",89160.5729931124,88334.192930041,89986.9530561838,"BAPC_count_space"
2009,"90-94 years",93075.8105438884,92231.4304307063,93920.1906570705,"BAPC_count_space"
2010,"90-94 years",98668.5936386692,97799.1496310198,99538.0376463185,"BAPC_count_space"
2011,"90-94 years",105215.520903817,104317.621618098,106113.420189537,"BAPC_count_space"
2012,"90-94 years",112041.211916322,111114.572029955,112967.851802689,"BAPC_count_space"
2013,"90-94 years",118319.060010371,117366.750193838,119271.369826903,"BAPC_count_space"
2014,"90-94 years",123733.376703039,122759.471305,124707.282101078,"BAPC_count_space"
2015,"90-94 years",129286.305512783,128290.738173502,130281.872852063,"BAPC_count_space"
2016,"90-94 years",135934.152320954,134913.254238486,136955.050403422,"BAPC_count_space"
2017,"90-94 years",143849.865117506,142799.598248529,144900.131986483,"BAPC_count_space"
2018,"90-94 years",152902.217444468,151819.337984169,153985.096904766,"BAPC_count_space"
2019,"90-94 years",162059.254409662,160944.355777493,163174.15304183,"BAPC_count_space"
2020,"90-94 years",169269.204811746,168129.73009552,170408.679527972,"BAPC_count_space"
2021,"90-94 years",184937.583027242,183746.411606664,186128.754447821,"BAPC_count_space"
2022,"90-94 years",170458.208372315,155744.842629954,185171.574114675,"BAPC_count_space"
2023,"90-94 years",176768.460972886,160575.347000072,192961.574945701,"BAPC_count_space"
2024,"90-94 years",182972.470614433,164709.606692334,201235.334536531,"BAPC_count_space"
2025,"90-94 years",189051.779858563,168051.830339815,210051.729377311,"BAPC_count_space"
2026,"90-94 years",195097.901578662,170635.824450799,219559.978706526,"BAPC_count_space"
2027,"90-94 years",200946.677653377,172308.54735163,229584.807955124,"BAPC_count_space"
2028,"90-94 years",206740.445299383,173237.333279542,240243.557319225,"BAPC_count_space"
2029,"90-94 years",212488.995199849,173455.605985515,251522.384414182,"BAPC_count_space"
2030,"90-94 years",218230.58549923,172997.995806979,263463.17519148,"BAPC_count_space"
2031,"90-94 years",224122.12193813,171966.567810598,276277.676065662,"BAPC_count_space"
2032,"90-94 years",230261.804440906,170403.401644795,290120.207237017,"BAPC_count_space"
2033,"90-94 years",237150.528090498,168658.686253627,305642.369927369,"BAPC_count_space"
2034,"90-94 years",245185.145695029,166929.450863844,323440.840526213,"BAPC_count_space"
2035,"90-94 years",254823.97416181,165375.725967283,344272.222356336,"BAPC_count_space"
2036,"90-94 years",266595.172579619,164110.357781119,369079.987378119,"BAPC_count_space"
2037,"90-94 years",280599.364625875,162906.444307837,398292.284943913,"BAPC_count_space"
2038,"90-94 years",296703.372045083,161415.390443675,431991.353646491,"BAPC_count_space"
2039,"90-94 years",314662.504303614,159215.267293388,470109.741313841,"BAPC_count_space"
2040,"90-94 years",334033.817276508,155788.114585864,512279.519967152,"BAPC_count_space"
2041,"90-94 years",354964.207835303,150894.209717602,559034.205953004,"BAPC_count_space"
2042,"90-94 years",377059.487109498,144036.573252465,610082.400966532,"BAPC_count_space"
2043,"90-94 years",399807.531385532,134779.716562817,664835.346208247,"BAPC_count_space"
2044,"90-94 years",422495.972980632,122688.547544103,722303.39841716,"BAPC_count_space"
2045,"90-94 years",444505.722376956,107446.499051213,781564.945702699,"BAPC_count_space"
2046,"90-94 years",465111.518925556,88799.1877186144,841423.850132499,"BAPC_count_space"
2047,"90-94 years",483820.009272445,66664.8910362204,900975.12750867,"BAPC_count_space"
2048,"90-94 years",500555.162657931,41179.6907769074,959930.634538954,"BAPC_count_space"
2049,"90-94 years",516701.049373372,12518.599732357,1020883.49901439,"BAPC_count_space"
2050,"90-94 years",534829.521230252,0,1089198.94964534,"BAPC_count_space"
1990,"95+ years",7256.22328252804,7022.67176433317,7489.7748007229,"BAPC_count_space"
1991,"95+ years",7632.2357425956,7393.45022033214,7871.02126485906,"BAPC_count_space"
1992,"95+ years",8081.61096961862,7836.06695984592,8327.15497939133,"BAPC_count_space"
1993,"95+ years",8564.58960109853,8311.74894061306,8817.43026158401,"BAPC_count_space"
1994,"95+ years",9090.27379686797,8829.63907152079,9350.90852221516,"BAPC_count_space"
1995,"95+ years",9713.61155631482,9443.99568967936,9983.22742295028,"BAPC_count_space"
1996,"95+ years",10446.3586943652,10166.5314380486,10726.1859506819,"BAPC_count_space"
1997,"95+ years",11228.7444930491,10938.3925274573,11519.096458641,"BAPC_count_space"
1998,"95+ years",12165.6116848984,11863.1373627244,12468.0860070724,"BAPC_count_space"
1999,"95+ years",13258.8788593634,12942.8478035455,13574.9099151814,"BAPC_count_space"
2000,"95+ years",14504.8817800137,14174.075567353,14835.6879926744,"BAPC_count_space"
2001,"95+ years",15852.6134916293,15506.5297603071,16198.6972229516,"BAPC_count_space"
2002,"95+ years",17283.8495021754,16922.2464411425,17645.4525632083,"BAPC_count_space"
2003,"95+ years",18659.482676202,18283.5633263026,19035.4020261014,"BAPC_count_space"
2004,"95+ years",19978.2403256554,19589.0910689041,20367.3895824066,"BAPC_count_space"
2005,"95+ years",21250.9012081043,20849.3991068014,21652.4033094071,"BAPC_count_space"
2006,"95+ years",22524.3850701346,22110.891194709,22937.8789455601,"BAPC_count_space"
2007,"95+ years",23749.4967193768,23324.7831031816,24174.210335572,"BAPC_count_space"
2008,"95+ years",24995.3270259461,24559.4985954673,25431.155456425,"BAPC_count_space"
2009,"95+ years",26441.6639433394,25993.2775237524,26890.0503629264,"BAPC_count_space"
2010,"95+ years",28040.6901042976,27578.8141744066,28502.5660341885,"BAPC_count_space"
2011,"95+ years",29670.1466887095,29194.9118438287,30145.3815335904,"BAPC_count_space"
2012,"95+ years",31388.1603732824,30899.2288394776,31877.0919070872,"BAPC_count_space"
2013,"95+ years",32886.4320530042,32385.8619203287,33387.0021856796,"BAPC_count_space"
2014,"95+ years",33957.1863211691,33448.471158796,34465.9014835423,"BAPC_count_space"
2015,"95+ years",35476.1991991673,34956.1435846257,35996.254813709,"BAPC_count_space"
2016,"95+ years",37588.9133950096,37053.4761771814,38124.3506128378,"BAPC_count_space"
2017,"95+ years",40110.9927010652,39557.747879675,40664.2375224553,"BAPC_count_space"
2018,"95+ years",42896.7946504351,42324.5211515661,43469.0681493041,"BAPC_count_space"
2019,"95+ years",45831.8880713442,45240.2284346335,46423.5477080549,"BAPC_count_space"
2020,"95+ years",48441.0722863722,47832.7012677456,49049.4433049988,"BAPC_count_space"
2021,"95+ years",53437.5931523721,52798.3619499478,54076.8243547964,"BAPC_count_space"
2022,"95+ years",48632.7604043102,44410.3109649463,52855.2098436741,"BAPC_count_space"
2023,"95+ years",51056.6078471797,46355.1885415474,55758.0271528121,"BAPC_count_space"
2024,"95+ years",53530.6179443286,48164.3243993053,58896.9114893519,"BAPC_count_space"
2025,"95+ years",56016.8950065032,49772.6091312955,62261.1808817108,"BAPC_count_space"
2026,"95+ years",58460.5403270535,51110.1764003459,65810.9042537611,"BAPC_count_space"
2027,"95+ years",60796.349069121,52113.2252804246,69479.4728578174,"BAPC_count_space"
2028,"95+ years",63087.1105104427,52846.56416264,73327.6568582453,"BAPC_count_space"
2029,"95+ years",65349.7056549904,53329.6810631221,77369.7302468587,"BAPC_count_space"
2030,"95+ years",67578.2680259183,53557.0194595742,81599.5165922623,"BAPC_count_space"
2031,"95+ years",69806.4104970023,53548.2669187023,86064.5540753024,"BAPC_count_space"
2032,"95+ years",71976.2914581206,53252.591176669,90699.9917395722,"BAPC_count_space"
2033,"95+ years",74139.3845420142,52714.7284896113,95564.0405944171,"BAPC_count_space"
2034,"95+ years",76299.8388159177,51935.5179809119,100664.159650923,"BAPC_count_space"
2035,"95+ years",78472.1572499072,50915.8397012912,106028.474798523,"BAPC_count_space"
2036,"95+ years",80713.7860701072,49675.1249179813,111752.447222233,"BAPC_count_space"
2037,"95+ years",83061.4013433672,48212.4552678296,117910.347418905,"BAPC_count_space"
2038,"95+ years",85697.164733365,46612.0322552809,124782.297211449,"BAPC_count_space"
2039,"95+ years",88767.101208716,44905.6564417144,132628.545975718,"BAPC_count_space"
2040,"95+ years",92441.0358482573,43104.0038055943,141778.06789092,"BAPC_count_space"
2041,"95+ years",96916.0956166366,41190.1383728857,152642.052860387,"BAPC_count_space"
2042,"95+ years",102235.876641881,39045.9479784119,165425.80530535,"BAPC_count_space"
2043,"95+ years",108359.137852589,36521.4327282825,180196.842976896,"BAPC_count_space"
2044,"95+ years",115204.099065869,33446.7839072133,196961.414224525,"BAPC_count_space"
2045,"95+ years",122616.115143792,29631.5930439666,215600.637243618,"BAPC_count_space"
2046,"95+ years",130656.744529664,24937.0434378907,236376.445621437,"BAPC_count_space"
2047,"95+ years",139189.052059773,19168.8056283392,259209.298491207,"BAPC_count_space"
2048,"95+ years",148030.641088621,12165.3321791035,283895.949998138,"BAPC_count_space"
2049,"95+ years",156922.952943745,3786.73467671851,310059.171210772,"BAPC_count_space"
2050,"95+ years",165639.312901727,0,337345.559505146,"BAPC_count_space"
