cell_type,gene,mean_COPD,mean_Normal,pct_COPD,pct_Normal,log2FC_COPD_vs_Normal,wilcoxon_stat,pvalue,n_COPD,n_Normal,fdr
B cell,AREG,0.6121710538864136,0.6355554461479187,0.45507246376811594,0.46321525885558584,-0.07269412279129028,-0.06325615028026073,0.9495625328034792,345,367,1.0
"CD4-positive, alpha-beta T cell",AREG,0.3819417953491211,0.45655444264411926,0.26630045378552664,0.2904708832543884,-0.3150053322315216,-2.762352820660335,0.005738642819642847,4187,7178,0.030718617446323475
"CD8-positive, alpha-beta T cell",AREG,0.3759475350379944,0.41384366154670715,0.22121014964216004,0.2250865717583686,-0.1676851511001587,-0.4806237777927725,0.6307839128646787,1537,2599,1.0
capillary endothelial cell,AREG,0.0989733561873436,0.14444515109062195,0.06375502008032129,0.09179731879118382,-0.5788760185241699,-1.8043581861442766,0.07117517358756094,1992,4401,0.262648290336763
club cell,AREG,0.4211187958717346,0.33859845995903015,0.3367088607594937,0.31343283582089554,0.3779371380805969,0.6828137214813771,0.49472455804060966,395,134,1.0
conventional dendritic cell,AREG,0.8677666187286377,1.1241549253463745,0.5388692579505301,0.5787589498806682,-0.5886031985282898,-3.870636013106539,0.00010855177090612836,1132,1676,0.0008231842627048067
endothelial cell,AREG,0.10319360345602036,0.13612225651741028,0.08615384615384615,0.10902896081771721,-0.42377597093582153,-0.5777161996508856,0.5634557402680367,325,587,1.0
endothelial cell of lymphatic vessel,AREG,0.04350500926375389,0.0436289981007576,0.023622047244094488,0.0364963503649635,-0.004196023102849722,-0.17987897715797985,0.8572475797841737,127,137,1.0
fibroblast,AREG,0.18515126407146454,0.24914325773715973,0.09986504723346828,0.1302060499780798,-0.4761008024215698,-1.2285073707202272,0.21925656418654915,741,2281,0.6506200219883469
leukocyte,AREG,0.3636167645454407,0.6189426779747009,0.31891891891891894,0.42408376963350786,-0.9665820598602295,-2.2119051885455945,0.026973216681141735,185,191,0.12480827379579142
lung multiciliated epithelial cell,AREG,0.28340762853622437,0.2018711268901825,0.25223214285714285,0.17267552182163187,0.5506361722946167,2.9761918717788487,0.0029185220087458463,896,1054,0.01715261500879661
macrophage,AREG,0.4988367557525635,0.6520373821258545,0.46253746253746253,0.5916047223436817,-0.5074373483657837,-7.753668396357606,8.92752680158705e-15,2002,2287,2.2156498334847857e-13
mast cell,AREG,1.792980432510376,2.2147512435913086,0.6756077116512993,0.7344262295081967,-0.7043737173080444,-5.134997514315972,2.8214775316597804e-07,1193,1220,2.9625514082427695e-06
monocyte,AREG,1.190382957458496,1.5189965963363647,0.5819070904645477,0.6528787031861375,-0.6406683921813965,-6.342575439243521,2.2595550039564845e-10,1636,1789,3.426991756000668e-09
natural killer cell,AREG,0.6085214614868164,0.813330888748169,0.35094752186588923,0.4058813171332981,-0.5836296081542969,-5.605357932624938,2.0782502952307557e-08,2744,5679,2.5789196845363467e-07
neutrophil,AREG,0.2706017792224884,0.37013155221939087,0.10975609756097561,0.13725490196078433,-0.5274894833564758,-0.5188354908048586,0.6038754661749479,164,357,1.0
plasma cell,AREG,0.5659462809562683,0.7405411601066589,0.553072625698324,0.5550239234449761,-0.5274720191955566,-0.8531255491092428,0.39358968450250076,179,209,0.9680178726953397
pulmonary alveolar type 1 cell,AREG,0.43795496225357056,0.1964341104030609,0.2648401826484018,0.14029850746268657,1.340150237083435,2.5751265435461415,0.010020341862186503,219,335,0.05260679477647914
pulmonary alveolar type 2 cell,AREG,1.6628159284591675,1.3732317686080933,0.8207547169811321,0.7978395061728395,0.5358545184135437,5.245976583484476,1.5545664762533523e-07,848,1296,1.7683193667381882e-06
smooth muscle cell,AREG,0.09017745405435562,0.2141226828098297,0.060948081264108354,0.14473684210526316,-1.3392727375030518,-2.4522673437384555,0.014195914735759887,443,836,0.06920508433682945
vein endothelial cell,AREG,0.04255435988306999,0.1110270768404007,0.05186972255729795,0.09696458684654301,-1.4335575103759766,-1.7892011278214228,0.07358243011723584,829,1186,0.26431583450007085
B cell,CD163,0.02992105856537819,0.01897081360220909,0.03188405797101449,0.01907356948228883,0.6653106212615967,0.29331165936870174,0.7692839424877729,345,367,1.0
"CD4-positive, alpha-beta T cell",CD163,0.017057567834854126,0.017867323011159897,0.016957248626701695,0.019225410977988296,-0.06749732047319412,-0.19931254216838404,0.8420182687672942,4187,7178,1.0
"CD8-positive, alpha-beta T cell",CD163,0.0281162578612566,0.02092362754046917,0.018867924528301886,0.014236244709503656,0.4314810335636139,0.2494872867624122,0.8029838737532731,1537,2599,1.0
capillary endothelial cell,CD163,0.03575628995895386,0.025204621255397797,0.030120481927710843,0.02090433992274483,0.5121586322784424,0.5886405563171342,0.5561024217635742,1992,4401,1.0
club cell,CD163,0.012156868353486061,0.04554758593440056,0.027848101265822784,0.07462686567164178,-1.929805040359497,-0.8116588394237442,0.41698741870339906,395,134,1.0
conventional dendritic cell,CD163,1.1614776849746704,1.1992290019989014,0.734982332155477,0.7589498806682577,-0.07861429452896118,-0.9921501674037241,0.32112427727591863,1132,1676,0.8593808448762799
endothelial cell,CD163,0.03083331696689129,0.025379914790391922,0.043076923076923075,0.02555366269165247,0.28475508093833923,0.42403476625897574,0.6715404586777238,325,587,1.0
endothelial cell of lymphatic vessel,CD163,0.020965592935681343,0.024739805608987808,0.023622047244094488,0.021897810218978103,-0.241543248295784,0.021779068983253165,0.9826241907588207,127,137,1.0
fibroblast,CD163,0.09331339597702026,0.03819631412625313,0.05668016194331984,0.03156510302498904,1.3288450241088867,1.0493682190094848,0.2940086794315112,741,2281,0.8063047186364339
leukocyte,CD163,0.7867048978805542,0.31890901923179626,0.4918918918918919,0.2513089005235602,1.6710264682769775,4.6520717792989625,3.2861664399756815e-06,185,191,3.093529096942624e-05
lung multiciliated epithelial cell,CD163,0.13078179955482483,0.06364406645298004,0.078125,0.03510436432637571,1.0882779359817505,1.6301527370689388,0.10306922007047467,896,1054,0.34738144542271093
macrophage,CD163,1.639102578163147,1.3258806467056274,0.942057942057942,0.960209881941408,0.5857603549957275,17.906486118524043,1.0495588184766024e-71,2002,2287,9.550985248137082e-70
mast cell,CD163,0.021587621420621872,0.01982400007545948,0.018440905280804692,0.020491803278688523,0.12423287332057953,-0.08354222017418307,0.9334204078596245,1193,1220,1.0
monocyte,CD163,0.8475977778434753,0.7532727718353271,0.6430317848410758,0.5695919508105086,0.24722984433174133,3.7750645362799835,0.00015996624377950824,1636,1789,0.0011802914743731284
natural killer cell,CD163,0.02206152118742466,0.016885312274098396,0.021137026239067054,0.01708047191406938,0.3895092308521271,0.30566526704456676,0.7598595212057011,2744,5679,1.0
neutrophil,CD163,0.029132334515452385,0.07201620936393738,0.018292682926829267,0.03081232492997199,-1.3368949890136719,-0.2374862934964268,0.8122795512999905,164,357,1.0
plasma cell,CD163,0.014864834025502205,0.0203343965113163,0.027932960893854747,0.05263157894736842,-0.45597583055496216,-0.4118067445673673,0.6804810774829924,179,209,1.0
pulmonary alveolar type 1 cell,CD163,0.036592818796634674,0.033369455486536026,0.0319634703196347,0.03582089552238806,0.13537095487117767,-0.06975940989684393,0.9443851546444028,219,335,1.0
pulmonary alveolar type 2 cell,CD163,0.017854725942015648,0.014732502400875092,0.025943396226415096,0.033179012345679014,0.27956196665763855,-0.2777544026317373,0.781200895749524,848,1296,1.0
smooth muscle cell,CD163,0.038419175893068314,0.03527999669313431,0.03160270880361174,0.02751196172248804,0.12525437772274017,0.1168617637043986,0.9069695986259422,443,836,1.0
vein endothelial cell,CD163,0.03247896209359169,0.026882510632276535,0.04221954161640531,0.02951096121416526,0.27689439058303833,0.47968797360378657,0.6314492807119979,829,1186,1.0
B cell,CDKN1A,0.2728504538536072,0.18278181552886963,0.2753623188405797,0.2016348773841962,0.645423173904419,1.9166431240537787,0.05528328547084652,345,367,0.22508197268493388
"CD4-positive, alpha-beta T cell",CDKN1A,0.2621571719646454,0.22700408101081848,0.23787914974922378,0.21092226246865423,0.23410403728485107,2.5197614577796417,0.011743438867196265,4187,7178,0.05936960760638112
"CD8-positive, alpha-beta T cell",CDKN1A,0.17155885696411133,0.13513457775115967,0.13012361743656473,0.10196229318968834,0.3712525963783264,1.4890013506108561,0.13648701308023836,1537,2599,0.44892716350488043
capillary endothelial cell,CDKN1A,0.4125726819038391,0.4263637363910675,0.2640562248995984,0.28857077936832537,-0.05807802081108093,-1.2620770149529976,0.20692107515001645,1992,4401,0.6271852663300052
club cell,CDKN1A,0.16812920570373535,0.16381162405014038,0.2683544303797468,0.2835820895522388,0.04073318839073181,-0.16285499679009854,0.870632605044912,395,134,1.0
conventional dendritic cell,CDKN1A,0.7942431569099426,0.6896651983261108,0.7659010600706714,0.7362768496420048,0.2883652448654175,4.144054444107341,3.412186779890539e-05,1132,1676,0.0002911021846594116
endothelial cell,CDKN1A,0.917710542678833,0.8712296485900879,0.6061538461538462,0.5689948892674617,0.11344793438911438,0.7434716653844313,0.45719616996304535,325,587,1.0
endothelial cell of lymphatic vessel,CDKN1A,0.789042055606842,0.7176221013069153,0.5196850393700787,0.45985401459854014,0.1948043256998062,0.6816041959573677,0.49548926103503554,127,137,1.0
fibroblast,CDKN1A,0.45235830545425415,0.4244098961353302,0.3184885290148448,0.31828145550197284,0.11363662034273148,0.28747557093145515,0.7737482044484173,741,2281,1.0
leukocyte,CDKN1A,0.3550190329551697,0.299299031496048,0.4810810810810811,0.42408376963350786,0.2886897921562195,0.9258586189342319,0.3545194589038685,185,191,0.9006425036058635
lung multiciliated epithelial cell,CDKN1A,0.2976112365722656,0.17071115970611572,0.3236607142857143,0.2030360531309298,0.8969795107841492,4.660375018386026,3.1563377084153517e-06,896,1054,3.077429265704968e-05
macrophage,CDKN1A,0.3249633014202118,0.3096562325954437,0.497002997002997,0.5574989068648885,0.08123408257961273,-1.4580471661091339,0.14482754277526397,2002,2287,0.46515199032525956
mast cell,CDKN1A,0.27766990661621094,0.37902572751045227,0.24727577535624476,0.33114754098360655,-0.5260313153266907,-3.668757037261003,0.00024373256938618276,1193,1220,0.0017061279857032794
monocyte,CDKN1A,0.9822993278503418,0.7328832149505615,0.793398533007335,0.6959195081050866,0.6278947591781616,11.06195096426884,1.9187784237283362e-28,1636,1789,1.0476530193556716e-26
natural killer cell,CDKN1A,0.10830201208591461,0.08335497975349426,0.10641399416909621,0.08170452544462053,0.39600250124931335,1.8042377608209603,0.07119404206930571,2744,5679,0.262648290336763
neutrophil,CDKN1A,0.10321100801229477,0.07845143228769302,0.06097560975609756,0.04201680672268908,0.4138556718826294,0.33899758517563827,0.7346115493236789,164,357,1.0
plasma cell,CDKN1A,0.33523184061050415,0.4521002471446991,0.5810055865921788,0.5980861244019139,-0.5213028192520142,-1.9446177364741282,0.051821003005852066,179,209,0.21435051243329717
pulmonary alveolar type 1 cell,CDKN1A,0.28846976161003113,0.2954935133457184,0.2648401826484018,0.28059701492537314,-0.040019020438194275,-0.36481185564730834,0.7152518546205149,219,335,1.0
pulmonary alveolar type 2 cell,CDKN1A,0.21941228210926056,0.27048197388648987,0.3242924528301887,0.408179012345679,-0.34022966027259827,-3.2797565205698254,0.001038967095191594,848,1296,0.006753286118745361
smooth muscle cell,CDKN1A,0.4974706172943115,0.6185591816902161,0.3340857787810384,0.44019138755980863,-0.40972843766212463,-2.8262408979756084,0.004709782944396849,443,836,0.026240219261639587
vein endothelial cell,CDKN1A,0.9601165056228638,1.081856608390808,0.6079613992762364,0.6981450252951096,-0.27473393082618713,-3.149561985323743,0.0016351541674531973,829,1186,0.010381327621272625
B cell,EGR1,0.2867797315120697,0.30144214630126953,0.23768115942028986,0.23978201634877383,-0.08303246647119522,-0.04721424473368163,0.9623424745277588,345,367,1.0
"CD4-positive, alpha-beta T cell",EGR1,0.29848912358283997,0.1723541021347046,0.27991401958442796,0.16787405962663696,0.8868564367294312,10.212308088704921,1.746598342045092e-24,4187,7178,5.298014970870112e-23
"CD8-positive, alpha-beta T cell",EGR1,0.2881077229976654,0.13844642043113708,0.20624593363695512,0.09849942285494422,1.1690726280212402,5.766016730917974,8.116700520560004e-09,1537,2599,1.0551710676728005e-07
capillary endothelial cell,EGR1,0.5857309103012085,0.9601590633392334,0.33232931726907633,0.46421267893660534,-1.017561912536621,-10.31837594940464,5.81992292663117e-25,1992,4401,2.2697699413861562e-23
club cell,EGR1,0.891910970211029,0.8880621790885925,0.6075949367088608,0.6194029850746269,0.009421849623322487,0.03956918596707214,0.9684365942266469,395,134,1.0
conventional dendritic cell,EGR1,0.7647427320480347,0.6675161123275757,0.642226148409894,0.5674224343675418,0.274605929851532,3.7563953201814386,0.00017237832581136895,1132,1676,0.0012384021828027295
endothelial cell,EGR1,1.4390605688095093,1.664260983467102,0.7138461538461538,0.7427597955706985,-0.412610799074173,-2.4989309762727197,0.012456857106164173,325,587,0.061831308908778526
endothelial cell of lymphatic vessel,EGR1,0.48573362827301025,0.41990628838539124,0.3779527559055118,0.27007299270072993,0.2611537575721741,1.1559039204815476,0.2477204588661801,127,137,0.7044550549006996
fibroblast,EGR1,1.1352900266647339,1.3273333311080933,0.5695006747638327,0.6203419552827707,-0.39173129200935364,-3.590246155914687,0.0003303658259885325,741,2281,0.002254746762371734
leukocyte,EGR1,0.4483283758163452,0.35383597016334534,0.5297297297297298,0.38219895287958117,0.4141812026500702,2.150212917678629,0.031538376830492404,185,191,0.1411471618807283
lung multiciliated epithelial cell,EGR1,0.4177393913269043,0.15973173081874847,0.2845982142857143,0.1318785578747628,1.5820069313049316,6.0411969858233165,1.5297507693450054e-09,896,1054,2.198010315953613e-08
macrophage,EGR1,0.6578447222709656,0.6336445212364197,0.6293706293706294,0.5876694359422825,0.07339615374803543,1.8854422546041387,0.05937015375188322,2002,2287,0.2348993039748423
mast cell,EGR1,0.9338688850402832,0.7446016669273376,0.548197820620285,0.4639344262295082,0.4821520149707794,4.5650753519244835,4.993149580534999e-06,1193,1220,4.543766118286849e-05
monocyte,EGR1,0.7898290753364563,0.5575629472732544,0.6570904645476773,0.5561766349916154,0.6886179447174072,8.808362839169886,1.2698682217480356e-18,1636,1789,3.466740245372137e-17
natural killer cell,EGR1,0.3024009168148041,0.20011389255523682,0.27040816326530615,0.1908786758232083,0.6725121140480042,6.403156708915204,1.5219683341402205e-10,2744,5679,2.5357463121956967e-09
neutrophil,EGR1,0.4886360168457031,0.2875536382198334,0.23780487804878048,0.14285714285714285,0.9193366169929504,1.7115931680355934,0.08697166823635252,164,357,0.30054766365220553
plasma cell,EGR1,0.46721431612968445,0.4353483021259308,0.5139664804469274,0.5023923444976076,0.12662382423877716,0.27559723699271443,0.7828574320716025,179,209,1.0
pulmonary alveolar type 1 cell,EGR1,0.7324846982955933,0.6707355976104736,0.4292237442922374,0.3641791044776119,0.1767631620168686,1.048291210200822,0.2945044581142955,219,335,0.8063047186364339
pulmonary alveolar type 2 cell,EGR1,1.5627732276916504,1.6624096632003784,0.8502358490566038,0.841820987654321,-0.1795676052570343,-2.789922754510696,0.005272061818422646,848,1296,0.02878545752858765
smooth muscle cell,EGR1,0.93922358751297,1.1594643592834473,0.45146726862302483,0.5681818181818182,-0.4900708794593811,-3.2903467723469233,0.0010006398327302138,443,836,0.006662796935008497
vein endothelial cell,EGR1,1.2346436977386475,1.6553804874420166,0.6489746682750301,0.7799325463743676,-0.7971892356872559,-7.664542365584396,1.7946996106187105e-14,829,1186,4.082941614157566e-13
B cell,F13A1,0.005903114099055529,0.018068363890051842,0.008695652173913044,0.02452316076294278,-1.6227107048034668,-0.3651356455658854,0.7150101538126119,345,367,1.0
"CD4-positive, alpha-beta T cell",F13A1,0.0069760787300765514,0.004363982938230038,0.007881538094100788,0.004876010030649206,0.6786568760871887,0.2676032258505573,0.7890047476324001,4187,7178,1.0
"CD8-positive, alpha-beta T cell",F13A1,0.011094140820205212,0.007640563417226076,0.008458035133376708,0.006540977298961139,0.5405418872833252,0.1039204753901002,0.917232458071347,1537,2599,1.0
capillary endothelial cell,F13A1,0.007530501578003168,0.00658860569819808,0.0050200803212851405,0.007271074755737333,0.19345301389694214,-0.14324077020107984,0.886100031831099,1992,4401,1.0
club cell,F13A1,0.01139927189797163,0.042443305253982544,0.010126582278481013,0.014925373134328358,-1.9190893173217773,-0.0856787332510157,0.9317218083581023,395,134,1.0
conventional dendritic cell,F13A1,0.9286527037620544,0.9935154914855957,0.5901060070671378,0.5316229116945107,-0.15157361328601837,0.23718882807315278,0.8125103029626785,1132,1676,1.0
endothelial cell,F13A1,0.011513561010360718,0.0008498340030200779,0.009230769230769232,0.0017035775127768314,3.7677078247070312,0.18885361456102323,0.8502075494943886,325,587,1.0
endothelial cell of lymphatic vessel,F13A1,0.0,0.0,0.0,0.0,0.0,0.0,1.0,127,137,1.0
fibroblast,F13A1,0.02063651569187641,0.01957411877810955,0.020242914979757085,0.014028934677772907,0.0770210400223732,0.25120189176048513,0.8016580220363958,741,2281,1.0
leukocyte,F13A1,0.08565112203359604,0.06375338137149811,0.06486486486486487,0.05759162303664921,0.4419630169868469,0.13714666369656228,0.8909148686213488,185,191,1.0
lung multiciliated epithelial cell,F13A1,0.025005977600812912,0.13027708232402802,0.013392857142857142,0.058823529411764705,-2.458157777786255,-1.7360749364997654,0.08255058536928642,896,1054,0.28892704879250247
macrophage,F13A1,0.006228739395737648,0.0072171930223703384,0.01098901098901099,0.012243113248797552,-0.21321150660514832,-0.07069079912649069,0.9436438437517066,2002,2287,1.0
mast cell,F13A1,0.003130435012280941,0.0025577170308679342,0.003352891869237217,0.003278688524590164,0.2919197976589203,0.0031558446235787937,0.9974820044781565,1193,1220,1.0
monocyte,F13A1,0.8211072087287903,0.21114060282707214,0.5641809290953546,0.23476802683063164,2.4369893074035645,19.87643693217111,6.509573610336895e-88,1636,1789,8.885567978109863e-86
natural killer cell,F13A1,0.007239479571580887,0.005407976917922497,0.007653061224489796,0.005986969536890298,0.42211946845054626,0.12419742943099536,0.9011589574987623,2744,5679,1.0
neutrophil,F13A1,0.04855082184076309,0.018583348020911217,0.03048780487804878,0.008403361344537815,1.4072232246398926,0.4035387150704456,0.6865519598181009,164,357,1.0
plasma cell,F13A1,0.002851917641237378,0.008137702010571957,0.0111731843575419,0.023923444976076555,-1.5165051221847534,-0.21838924381136018,0.8271258454868784,179,209,1.0
pulmonary alveolar type 1 cell,F13A1,0.0,0.0069874865002930164,0.0,0.008955223880597015,-22.74138641357422,-0.1783343669347333,0.8584603904702937,219,335,1.0
pulmonary alveolar type 2 cell,F13A1,0.002547989832237363,0.001873440807685256,0.007075471698113208,0.006172839506172839,0.44415563344955444,0.03588760969015254,0.9713719755393728,848,1296,1.0
smooth muscle cell,F13A1,0.008012319914996624,0.006510100327432156,0.004514672686230248,0.005980861244019139,0.30062514543533325,-0.04256027473237117,0.9660520629487507,443,836,1.0
vein endothelial cell,F13A1,0.006000572815537453,0.007099687121808529,0.007237635705669481,0.007588532883642495,-0.24344897270202637,-0.01287726839114788,0.9897257103202123,829,1186,1.0
B cell,IL1R2,0.010252988897264004,0.0012994976714253426,0.005797101449275362,0.0027247956403269754,2.9864823818206787,0.07127710305355027,0.943177217987748,345,367,1.0
"CD4-positive, alpha-beta T cell",IL1R2,0.033117447048425674,0.02150556817650795,0.023166945306902317,0.017135692393424353,0.6312954425811768,0.5428166962635091,0.5872560163789098,4187,7178,1.0
"CD8-positive, alpha-beta T cell",IL1R2,0.011431808583438396,0.010493946261703968,0.005855562784645413,0.006925740669488265,0.12417417764663696,-0.0568174049941725,0.9546906491540826,1537,2599,1.0
capillary endothelial cell,IL1R2,0.004360617138445377,0.009981737472116947,0.0035140562248995983,0.0081799591002045,-1.1988177299499512,-0.299159592228435,0.7648182789321722,1992,4401,1.0
club cell,IL1R2,0.007488137111067772,0.0,0.007594936708860759,0.0,22.841581344604492,0.1314612624691157,0.895410428647249,395,134,1.0
conventional dendritic cell,IL1R2,0.3210522532463074,0.37300607562065125,0.27208480565371024,0.26670644391408116,-0.2560308575630188,-0.1698781643496823,0.8651059538306979,1132,1676,1.0
endothelial cell,IL1R2,0.001594080007635057,0.006901557557284832,0.003076923076923077,0.010221465076660987,-2.118028402328491,-0.17914189289492477,0.8578262882546001,325,587,1.0
endothelial cell of lymphatic vessel,IL1R2,0.0,0.003774977056309581,0.0,0.0072992700729927005,-21.85076141357422,-0.10244228743974637,0.9184056196850978,127,137,1.0
fibroblast,IL1R2,0.02237410843372345,0.01089914795011282,0.014844804318488529,0.00920648838228847,1.0459152460098267,0.23220485470634986,0.8163789072913851,741,2281,1.0
leukocyte,IL1R2,0.05607413128018379,0.11106079816818237,0.07027027027027027,0.09947643979057591,-1.026159405708313,-0.5167914074932746,0.6053017788518679,185,191,1.0
lung multiciliated epithelial cell,IL1R2,0.010350349359214306,0.020798470824956894,0.006696428571428571,0.010436432637571158,-1.0143542289733887,-0.14292435443199536,0.8863499239767002,896,1054,1.0
macrophage,IL1R2,0.012038828805088997,0.014801240526139736,0.02097902097902098,0.025360734586794928,-0.30002009868621826,-0.249988371456408,0.8025963414213277,2002,2287,1.0
mast cell,IL1R2,0.0013408227823674679,0.001736912177875638,0.0016764459346186086,0.002459016393442623,-0.3736916184425354,-0.03328247246533561,0.9734493309627086,1193,1220,1.0
monocyte,IL1R2,0.27701693773269653,0.5030144453048706,0.21210268948655256,0.30072666294019007,-1.0342164039611816,-5.159548914804256,2.4754554380623756e-07,1636,1789,2.703197338364114e-06
natural killer cell,IL1R2,0.002534817438572645,0.006225049961358309,0.0029154518950437317,0.005634794858249692,-1.298867106437683,-0.20308526547681083,0.8390683882040018,2744,5679,1.0
neutrophil,IL1R2,2.086012363433838,2.0423169136047363,0.6341463414634146,0.6330532212885154,0.07220474630594254,0.3753411340484424,0.7074067780192008,164,357,1.0
plasma cell,IL1R2,0.0007295658579096198,0.014470289461314678,0.00558659217877095,0.019138755980861243,-4.319834232330322,-0.2320101945688255,0.8165300957075051,179,209,1.0
pulmonary alveolar type 1 cell,IL1R2,0.0,0.04011322557926178,0.0,0.01791044776119403,-25.28660774230957,-0.3566687338694666,0.7213398148085778,219,335,1.0
pulmonary alveolar type 2 cell,IL1R2,0.0009640303323976696,0.006308829877525568,0.003537735849056604,0.010802469135802469,-2.714078664779663,-0.28545989338031874,0.7752918270670112,848,1296,1.0
smooth muscle cell,IL1R2,0.0,0.007989615201950073,0.0,0.004784688995215311,-22.935461044311523,-0.14096599406684432,0.887896806838717,443,836,1.0
vein endothelial cell,IL1R2,0.018363138660788536,0.0433293916285038,0.031363088057901084,0.05480607082630692,-1.256635069847107,-0.9241677058360057,0.35539900670379954,829,1186,0.9006425036058635
B cell,IL1RL1,0.007022990379482508,0.0013143854448571801,0.005797101449275362,0.0027247956403269754,2.421816825866699,0.07091251429112802,0.943467383486642,345,367,1.0
"CD4-positive, alpha-beta T cell",IL1RL1,0.0037644498515874147,0.005698133260011673,0.0033436828278003345,0.005015324602953469,-0.5994461178779602,-0.14898061317784292,0.8815689306748743,4187,7178,1.0
"CD8-positive, alpha-beta T cell",IL1RL1,0.005003736820071936,0.007769094780087471,0.0032530904359141183,0.0061562139284340135,-0.6367374658584595,-0.15592787004921943,0.8760898768734016,1537,2599,1.0
capillary endothelial cell,IL1RL1,0.2711239159107208,0.4244377911090851,0.13855421686746988,0.19722790274937516,-0.7635904550552368,-3.9532916285317126,7.708339299966686e-05,1992,4401,0.0006189343026149722
club cell,IL1RL1,0.011079645715653896,0.021373866125941277,0.015189873417721518,0.022388059701492536,-0.9553819298744202,-0.12590195534977497,0.8998095348492107,395,134,1.0
conventional dendritic cell,IL1RL1,0.0032802100758999586,0.006476723123341799,0.006183745583038869,0.010739856801909307,-0.9837834239006042,-0.20504009724999364,0.8375407974159487,1132,1676,1.0
endothelial cell,IL1RL1,0.006185744423419237,0.051470015197992325,0.009230769230769232,0.03236797274275979,-3.0895354747772217,-0.5838844553036778,0.5592980521860311,325,587,1.0
endothelial cell of lymphatic vessel,IL1RL1,0.014876038767397404,0.017812777310609818,0.015748031496062992,0.014598540145985401,-0.26204612851142883,0.016132643691298642,0.9871285710005894,127,137,1.0
fibroblast,IL1RL1,0.021323993802070618,0.039352890104055405,0.017543859649122806,0.02498903989478299,-0.8970627188682556,-0.3103737852377789,0.756276726833381,741,2281,1.0
leukocyte,IL1RL1,0.012040051631629467,0.023286765441298485,0.010810810810810811,0.02617801047120419,-0.9598052501678467,-0.25578564613303484,0.7981163580227967,185,191,1.0
lung multiciliated epithelial cell,IL1RL1,0.013002938590943813,0.01178713794797659,0.0078125,0.007590132827324478,0.142503023147583,0.008796586467017219,0.9929814299863964,896,1054,1.0
macrophage,IL1RL1,0.004188172519207001,0.007952960208058357,0.007992007992007992,0.015741145605596852,-0.927889347076416,-0.43867842758634856,0.6608945603323451,2002,2287,1.0
mast cell,IL1RL1,1.2911969423294067,1.3722652196884155,0.7552388935456832,0.8352459016393443,-0.15893977880477905,-1.4814352845018304,0.1384906180883102,1193,1220,0.45009450878700813
monocyte,IL1RL1,0.003597841365262866,0.012745109386742115,0.006112469437652812,0.012856344326439352,-1.8313474655151367,-0.34313736664706673,0.7314951212227394,1636,1789,1.0
natural killer cell,IL1RL1,0.0032342039048671722,0.0029017613269388676,0.0032798833819241984,0.002641310089804543,0.15672177076339722,0.047365209037809934,0.9622221570497069,2744,5679,1.0
neutrophil,IL1RL1,0.012040020897984505,0.013262545689940453,0.006097560975609756,0.008403361344537815,-0.14040350914001465,-0.04198306507720474,0.9665121983242781,164,357,1.0
plasma cell,IL1RL1,0.004304145462810993,0.004429353401064873,0.00558659217877095,0.014354066985645933,-0.04145940765738487,-0.14756029987254066,0.8826897881395199,179,209,1.0
pulmonary alveolar type 1 cell,IL1RL1,0.0,0.015493212267756462,0.0,0.014925373134328358,-23.896324157714844,-0.29722394489122217,0.7662955420800386,219,335,1.0
pulmonary alveolar type 2 cell,IL1RL1,0.0020824188832193613,0.007197513245046139,0.003537735849056604,0.008487654320987654,-1.792930245399475,-0.19438527356027951,0.8458742199954222,848,1296,1.0
smooth muscle cell,IL1RL1,0.03707766905426979,0.03430537134408951,0.022573363431151242,0.023923444976076555,0.11412771046161652,-0.03850312704760308,0.9692865383108771,443,836,1.0
vein endothelial cell,IL1RL1,0.026473533362150192,0.05526642128825188,0.026537997587454766,0.05227655986509275,-1.0827633142471313,-0.9857918542697768,0.32423526381779055,829,1186,0.8593808448762799
B cell,S100A12,0.0,0.0,0.0,0.0,0.0,0.0,1.0,345,367,1.0
"CD4-positive, alpha-beta T cell",S100A12,0.002658687299117446,0.0014944258145987988,0.002866013852400287,0.0013931457230426303,0.831962525844574,0.13099815055922517,0.895776770437781,4187,7178,1.0
"CD8-positive, alpha-beta T cell",S100A12,0.0055185179226100445,0.0009591411799192429,0.004554326610279766,0.0007695267410542517,2.5277552604675293,0.20367766452380975,0.838605397444103,1537,2599,1.0
capillary endothelial cell,S100A12,0.003850985085591674,0.0032383936922997236,0.0035140562248995983,0.003181095205635083,0.2503910958766937,0.021398327519824237,0.9829279077071001,1992,4401,1.0
club cell,S100A12,0.01793370395898819,0.002696195850148797,0.010126582278481013,0.007462686567164179,2.7446863651275635,0.04741761954731785,0.9621803864469614,395,134,1.0
conventional dendritic cell,S100A12,0.11370881646871567,0.018872976303100586,0.12190812720848057,0.032219570405727926,2.6601154804229736,4.105926761131092,4.0269706711981704e-05,1132,1676,0.00033314030098093955
endothelial cell,S100A12,0.004907828755676746,0.005006416700780392,0.006153846153846154,0.0068143100511073255,-0.028764497488737106,-0.01627369576481368,0.9870160425016938,325,587,1.0
endothelial cell of lymphatic vessel,S100A12,0.007377209607511759,0.017753487452864647,0.007874015748031496,0.0072992700729927005,-1.2744559049606323,0.007259689661084388,0.9942076565823151,127,137,1.0
fibroblast,S100A12,0.006886529736220837,0.0026974778156727552,0.008097165991902834,0.003068829460762823,1.3551900386810303,0.20593854326925465,0.8368389175133575,741,2281,1.0
leukocyte,S100A12,0.009099505841732025,0.00916074588894844,0.016216216216216217,0.010471204188481676,-0.009720802307128906,0.09443663001943217,0.924762319264261,185,191,1.0
lung multiciliated epithelial cell,S100A12,0.00035451390431262553,0.009800155647099018,0.0011160714285714285,0.0056925996204933585,-4.795705795288086,-0.17455978466200225,0.8614255505099315,896,1054,1.0
macrophage,S100A12,0.0035017651971429586,0.0028886774089187384,0.007992007992007992,0.006558810668998688,0.2781156301498413,0.08136857018335922,0.9351488435663395,2002,2287,1.0
mast cell,S100A12,0.0005936556844972074,0.0016530797583982348,0.0008382229673093043,0.001639344262295082,-1.4782207012176514,-0.034129875188333623,0.9727735854018452,1193,1220,1.0
monocyte,S100A12,1.1281087398529053,0.7407239079475403,0.6356968215158925,0.45500279485746226,0.9292102456092834,10.625098593463399,2.2777136010781988e-26,1636,1789,1.0363596884905805e-24
natural killer cell,S100A12,0.0032803534995764494,0.0020935889333486557,0.004373177842565598,0.0021130480718436345,0.6487292051315308,0.1679963843365681,0.8665861235361825,2744,5679,1.0
neutrophil,S100A12,0.33822116255760193,0.6404213905334473,0.13414634146341464,0.24089635854341737,-1.156746745109558,-2.0853677698050355,0.03703593011061268,164,357,0.16048903047932161
plasma cell,S100A12,0.0018854329828172922,0.003158046631142497,0.00558659217877095,0.009569377990430622,-0.7450547218322754,-0.06674265871157993,0.9467865732633259,179,209,1.0
pulmonary alveolar type 1 cell,S100A12,0.019872847944498062,0.0,0.0136986301369863,0.0,24.25865364074707,0.27279457955769704,0.7850111264814004,219,335,1.0
pulmonary alveolar type 2 cell,S100A12,0.000680681667290628,0.0002086948079522699,0.0023584905660377358,0.0007716049382716049,1.7059211730957031,0.062214703081139196,0.9503918538069821,848,1296,1.0
smooth muscle cell,S100A12,0.0,0.006190632935613394,0.0,0.005980861244019139,-22.566123962402344,-0.17620749258355542,0.8601309346588203,443,836,1.0
vein endothelial cell,S100A12,0.0013591260649263859,0.0021984968334436417,0.0012062726176115801,0.003372681281618887,-0.6944433450698853,-0.08271018912259938,0.9340819828872037,829,1186,1.0
B cell,S100A8,0.06589091569185257,0.049205344170331955,0.08115942028985507,0.05994550408719346,0.4334162175655365,0.4692257372374383,0.63890829070708,345,367,1.0
"CD4-positive, alpha-beta T cell",S100A8,0.06067078188061714,0.0293460413813591,0.06257463577740625,0.030509891334633603,1.070601463317871,2.853924688642419,0.00431827669468698,4187,7178,0.024560198701032196
"CD8-positive, alpha-beta T cell",S100A8,0.053948041051626205,0.04367310181260109,0.04424202992843201,0.031550596383224314,0.3122977614402771,0.6650883478129801,0.505993986996659,1537,2599,1.0
capillary endothelial cell,S100A8,0.06450988352298737,0.04537832364439964,0.04919678714859438,0.03749147920927062,0.5214437246322632,0.7571423264928988,0.44896459831971613,1992,4401,1.0
club cell,S100A8,0.17219500243663788,0.020794497802853584,0.11645569620253164,0.05970149253731343,3.1607377529144287,1.0464578106994284,0.29534971378623953,395,134,0.8063047186364339
conventional dendritic cell,S100A8,0.878013551235199,0.5777754783630371,0.46113074204946997,0.3496420047732697,0.8463456630706787,5.8348166993988295,5.384973351788412e-09,1132,1676,7.350488625191183e-08
endothelial cell,S100A8,0.07700139284133911,0.050672709941864014,0.08,0.06303236797274275,0.6228698492050171,0.4389960672040464,0.6606643859877923,325,587,1.0
endothelial cell of lymphatic vessel,S100A8,0.06069356948137283,0.04147160425782204,0.07086614173228346,0.043795620437956206,0.5634035468101501,0.37508396582269343,0.7075980213999844,127,137,1.0
fibroblast,S100A8,0.14394322037696838,0.06797020882368088,0.08502024291497975,0.053485313459009205,1.1382958889007568,1.3346145457968324,0.1820025348231794,741,2281,0.5646215000764543
leukocyte,S100A8,0.684298038482666,0.22807875275611877,0.4864864864864865,0.2094240837696335,1.9390991926193237,5.049275092496273,4.4348972027641634e-07,185,191,4.484173838350432e-06
lung multiciliated epithelial cell,S100A8,0.15206000208854675,0.1618548333644867,0.09151785714285714,0.07495256166982922,-0.09730968624353409,0.5553954868441514,0.5786241788921986,896,1054,1.0
macrophage,S100A8,1.5119361877441406,1.3167387247085571,0.9225774225774226,0.915172715347617,0.37236347794532776,7.3427348715752725,2.0927282878179145e-13,2002,2287,3.8087654838286044e-12
mast cell,S100A8,0.06154342740774155,0.028085870668292046,0.05951383067896061,0.031967213114754096,1.1560750007629395,1.1792339410106092,0.23830503439109296,1193,1220,0.6923321183074193
monocyte,S100A8,3.009920835494995,2.090243339538574,0.9003667481662592,0.7870318613750699,1.4443154335021973,15.516146583655173,2.697724583749035e-54,1636,1789,1.8411970284087162e-52
natural killer cell,S100A8,0.049891915172338486,0.03387649357318878,0.05357142857142857,0.03433703116745906,0.5701548457145691,1.4175716760597352,0.15631585434829595,2744,5679,0.49621195624517206
neutrophil,S100A8,1.4569623470306396,3.0274341106414795,0.4329268292682927,0.7226890756302521,-2.5766727924346924,-7.412517437773037,1.239241548226015e-13,164,357,2.4165210190407292e-12
plasma cell,S100A8,0.040678057819604874,0.043751899152994156,0.09497206703910614,0.06698564593301436,-0.10732767730951309,0.4508534700721012,0.6520951608654474,179,209,1.0
pulmonary alveolar type 1 cell,S100A8,0.058156199753284454,0.04504364728927612,0.0410958904109589,0.041791044776119404,0.3781491816043854,-0.010586058311194215,0.9915537052691837,219,335,1.0
pulmonary alveolar type 2 cell,S100A8,0.03031727485358715,0.02104838378727436,0.054245283018867926,0.047839506172839504,0.5331453084945679,0.2704056475659605,0.7868481957572911,848,1296,1.0
smooth muscle cell,S100A8,0.05066407099366188,0.04954681172966957,0.040632054176072234,0.04066985645933014,0.03298332914710045,0.004614011092481361,0.9963185648483465,443,836,1.0
vein endothelial cell,S100A8,0.045526519417762756,0.041881393641233444,0.05669481302774427,0.04468802698145025,0.12304642051458359,0.4403169898822106,0.6597075371476762,829,1186,1.0
B cell,SERPINE1,0.004073793068528175,0.0437939390540123,0.002898550724637681,0.02997275204359673,-3.455052614212036,-0.6254520219353733,0.5316744280982606,345,367,1.0
"CD4-positive, alpha-beta T cell",SERPINE1,0.014744389802217484,0.013310912996530533,0.013613565798901361,0.012677626079687936,0.14859311282634735,0.08262212554500041,0.9341520077825471,4187,7178,1.0
"CD8-positive, alpha-beta T cell",SERPINE1,0.0162291768938303,0.020963314920663834,0.008458035133376708,0.013081954597922277,-0.3727024495601654,-0.24819383860508695,0.8039844333213809,1537,2599,1.0
capillary endothelial cell,SERPINE1,1.039573311805725,1.2754091024398804,0.4789156626506024,0.566007725516928,-0.49718979001045227,-6.397536622027779,1.5790361651035473e-10,1992,4401,2.5357463121956967e-09
club cell,SERPINE1,0.03387998044490814,0.006810985971242189,0.05063291139240506,0.022388059701492536,2.334089517593384,0.5013186949381949,0.6161468502381666,395,134,1.0
conventional dendritic cell,SERPINE1,0.1188790574669838,0.15178228914737701,0.1784452296819788,0.19749403341288782,-0.3767785429954529,-0.959337108563555,0.33738894684491516,1132,1676,0.8856459854679023
endothelial cell,SERPINE1,0.4813380837440491,0.5645315647125244,0.3507692307692308,0.3594548551959114,-0.29522162675857544,-0.7350723385380759,0.46229543966205233,325,587,1.0
endothelial cell of lymphatic vessel,SERPINE1,0.13938726484775543,0.15863093733787537,0.10236220472440945,0.10218978102189781,-0.20080140233039856,-0.03145865519803235,0.9749037641844867,127,137,1.0
fibroblast,SERPINE1,0.6484367847442627,0.4689750373363495,0.30229419703103916,0.2542744410346339,0.6088998913764954,2.407704830209376,0.01605315418459264,741,2281,0.07688615951568054
leukocyte,SERPINE1,0.10319669544696808,0.1651296317577362,0.12972972972972974,0.20418848167539266,-0.7238759994506836,-1.2561495460373715,0.20906175544333505,185,191,0.6271852663300052
lung multiciliated epithelial cell,SERPINE1,0.04186130315065384,0.07060903310775757,0.027901785714285716,0.036053130929791274,-0.7751668691635132,-0.3196631100537175,0.7492237274619759,896,1054,1.0
macrophage,SERPINE1,0.06327783316373825,0.16411598026752472,0.12637362637362637,0.3056405771753389,-1.4490610361099243,-10.286240426252029,8.128855616201064e-25,2002,2287,2.773971979028613e-23
mast cell,SERPINE1,0.033557064831256866,0.033359985798597336,0.03101424979044426,0.03360655737704918,0.008640793152153492,-0.10957793831870812,0.9127441079487015,1193,1220,1.0
monocyte,SERPINE1,0.03331277146935463,0.02895655855536461,0.04339853300733496,0.03912800447177194,0.20534388720989227,0.21830510658597788,0.827191395932215,1636,1789,1.0
natural killer cell,SERPINE1,0.016466643661260605,0.013663219287991524,0.01567055393586006,0.01285437577038211,0.2712765038013458,0.2113364110964374,0.8326247725445574,2744,5679,1.0
neutrophil,SERPINE1,0.0,0.021727560088038445,0.0,0.011204481792717087,-24.38872528076172,-0.2055290350048232,0.837158815620375,164,357,1.0
plasma cell,SERPINE1,0.021194828674197197,0.025834092870354652,0.027932960893854747,0.03349282296650718,-0.2889235317707062,-0.09126037007501746,0.9272857066388178,179,209,1.0
pulmonary alveolar type 1 cell,SERPINE1,0.010730794630944729,0.01813230849802494,0.0228310502283105,0.01791044776119403,-0.7621575593948364,0.09201727608961124,0.9266843134906386,219,335,1.0
pulmonary alveolar type 2 cell,SERPINE1,0.0037490639369934797,0.023434333503246307,0.008254716981132075,0.031635802469135804,-2.6582531929016113,-0.916132907010743,0.3595971900843924,848,1296,0.9006425036058635
smooth muscle cell,SERPINE1,0.33319711685180664,0.3677586019039154,0.1873589164785553,0.21411483253588517,-0.16876737773418427,-0.6672814662712698,0.5045923625889436,443,836,1.0
vein endothelial cell,SERPINE1,0.6343418955802917,0.6914610266685486,0.3835946924004825,0.4131534569983137,-0.17010928690433502,-1.365963052814481,0.17195056037741285,829,1186,0.5395689998049852
B cell,SOCS3,0.19983349740505219,0.1814957708120346,0.19420289855072465,0.17166212534059946,0.15251044929027557,0.5102419730099417,0.6098819498958798,345,367,1.0
"CD4-positive, alpha-beta T cell",SOCS3,0.6500569581985474,0.6661282777786255,0.45450203009314544,0.4641961549178044,-0.04808942973613739,-1.1330255385713384,0.2572035287200589,4187,7178,0.7238820962945988
"CD8-positive, alpha-beta T cell",SOCS3,0.3285713195800781,0.2849351763725281,0.22706571242680545,0.19161215852250865,0.23865635693073273,1.7364945714640585,0.08247642339896608,1537,2599,0.28892704879250247
capillary endothelial cell,SOCS3,1.2687395811080933,1.299368977546692,0.5582329317269076,0.5821404226312201,-0.06111301854252815,-0.8962790072106893,0.37010376815315293,1992,4401,0.9185302609619159
club cell,SOCS3,0.3376029133796692,0.3989555835723877,0.3670886075949367,0.44776119402985076,-0.28786778450012207,-1.1759569647734827,0.23961207357383552,395,134,0.6923321183074193
conventional dendritic cell,SOCS3,0.8307026028633118,0.7525700926780701,0.7553003533568905,0.7261336515513126,0.2062263786792755,3.0785434828252343,0.0020801517060778305,1132,1676,0.012619587016872172
endothelial cell,SOCS3,1.8775185346603394,1.817265510559082,0.8307692307692308,0.807495741056218,0.10319927334785461,0.7334974647543843,0.463255073556763,325,587,1.0
endothelial cell of lymphatic vessel,SOCS3,1.2089099884033203,1.274153232574463,0.6299212598425197,0.6642335766423357,-0.13239188492298126,-0.4218686325274595,0.6731209066043442,127,137,1.0
fibroblast,SOCS3,0.8754209280014038,0.9736533761024475,0.45479082321187586,0.498903989478299,-0.2350570559501648,-1.9105349242441372,0.05606437414862822,741,2281,0.22508197268493388
leukocyte,SOCS3,0.3236846923828125,0.2982093095779419,0.41621621621621624,0.4083769633507853,0.13759127259254456,0.01660945754110616,0.9867481795730697,185,191,1.0
lung multiciliated epithelial cell,SOCS3,0.5224204659461975,0.21881403028964996,0.36049107142857145,0.17077798861480076,1.4880037307739258,7.538150035150862,4.7668524600856294e-14,896,1054,1.0010390166179821e-12
macrophage,SOCS3,0.37766212224960327,0.3815964460372925,0.5589410589410589,0.6152164407520769,-0.01796891540288925,-2.2304430148165713,0.025718046603861042,2002,2287,0.12105218487679421
mast cell,SOCS3,0.3410564661026001,0.39815670251846313,0.25565800502933783,0.29918032786885246,-0.2670464515686035,-1.8296301413033573,0.06730526346360896,1193,1220,0.2556131019591658
monocyte,SOCS3,1.1490651369094849,1.1266441345214844,0.7860635696821516,0.7713806595863612,0.04760505631566048,1.013775635607651,0.31068982369070075,1636,1789,0.8397853650253594
natural killer cell,SOCS3,0.15311720967292786,0.11388467997312546,0.135932944606414,0.1109350237717908,0.45599278807640076,1.9708286777113115,0.04874347530510268,2744,5679,0.20472259628143127
neutrophil,SOCS3,0.49244874715805054,0.5969536304473877,0.25,0.2689075630252101,-0.35983937978744507,-0.6664028314866752,0.5051536531611336,164,357,1.0
plasma cell,SOCS3,0.5880236625671387,0.6164392232894897,0.6033519553072626,0.583732057416268,-0.09062701463699341,-0.02270158459577549,0.9818883118377653,179,209,1.0
pulmonary alveolar type 1 cell,SOCS3,0.439487487077713,0.38203078508377075,0.3059360730593607,0.2537313432835821,0.2464086413383484,0.9323874435628751,0.3511363315565944,219,335,0.9006425036058635
pulmonary alveolar type 2 cell,SOCS3,1.1181790828704834,1.0033714771270752,0.8007075471698113,0.7623456790123457,0.2534851133823395,3.1093082113257413,0.0018752598660996378,848,1296,0.011635135078300024
smooth muscle cell,SOCS3,0.5930629968643188,0.6651116609573364,0.3182844243792325,0.40311004784689,-0.22279676795005798,-1.8759137167552236,0.06066712881883925,443,836,0.2366018023934731
vein endothelial cell,SOCS3,2.0504798889160156,2.214226245880127,0.856453558504222,0.8853288364249579,-0.26806211471557617,-2.972587079247212,0.0029530143055437386,829,1186,0.01715261500879661
B cell,SPP1,0.0,0.01130789052695036,0.0,0.010899182561307902,-23.43899154663086,-0.25156624607135386,0.8013763513970328,345,367,1.0
"CD4-positive, alpha-beta T cell",SPP1,0.00446998979896307,0.002404287690296769,0.0038213518032003822,0.0023683477291724713,0.8961528539657593,0.1296586526845358,0.8968364967206675,4187,7178,1.0
"CD8-positive, alpha-beta T cell",SPP1,0.00463944673538208,0.00250566890463233,0.002602472348731295,0.001923816852635629,0.8902967572212219,0.03671506488240931,0.9707121967027911,1537,2599,1.0
capillary endothelial cell,SPP1,0.022755252197384834,0.0031826873309910297,0.010542168674698794,0.003181095205635083,2.8520312309265137,0.47396015214593257,0.6355283231193863,1992,4401,1.0
club cell,SPP1,0.006619095336645842,0.0,0.010126582278481013,0.0,22.662981033325195,0.17528168329215427,0.8608583035738435,395,134,1.0
conventional dendritic cell,SPP1,0.17564654350280762,0.17241232097148895,0.10865724381625441,0.1026252983293556,0.02921273559331894,0.25970480264966794,0.795091487749045,1132,1676,1.0
endothelial cell,SPP1,0.010440671816468239,0.0023701905738562346,0.012307692307692308,0.0034071550255536627,2.1449670791625977,0.22336959832026515,0.8232478636236026,325,587,1.0
endothelial cell of lymphatic vessel,SPP1,0.009706076234579086,0.0,0.015748031496062992,0.0,23.217464447021484,0.22101721857079137,0.8250790260079301,127,137,1.0
fibroblast,SPP1,0.03888041526079178,0.0035508363507688046,0.012145748987854251,0.0035072336694432268,3.4783873558044434,0.3551040536075923,0.722511639961676,741,2281,1.0
leukocyte,SPP1,0.04386693239212036,0.03505803272128105,0.05405405405405406,0.031413612565445025,0.32978469133377075,0.37395007263976154,0.7084414619229917,185,191,1.0
lung multiciliated epithelial cell,SPP1,0.03247665986418724,0.01336147915571928,0.03459821428571429,0.010436432637571158,1.295164942741394,0.9181941516375084,0.35851722993949386,896,1054,0.9006425036058635
macrophage,SPP1,0.0329434834420681,0.1552421748638153,0.04395604395604396,0.1364232619151727,-2.3260586261749268,-5.3222756623458,1.0247712287217588e-07,2002,2287,1.2163588932219137e-06
mast cell,SPP1,0.005168224219232798,0.0009189982083626091,0.004191114836546521,0.000819672131147541,2.4946000576019287,0.1434156056715252,0.8859619588320127,1193,1220,1.0
monocyte,SPP1,0.015925277024507523,0.01051289401948452,0.01589242053789731,0.012856344326439352,0.6030713319778442,0.15556898253975796,0.8763727755644071,1636,1789,1.0
natural killer cell,SPP1,0.003705100156366825,0.002032764023169875,0.004008746355685131,0.0019369607325233316,0.8672765493392944,0.15406600291386138,0.8775576939301147,2744,5679,1.0
neutrophil,SPP1,0.020858487114310265,0.017527930438518524,0.012195121951219513,0.008403361344537815,0.25338903069496155,0.06767419445280765,0.9460449920480716,164,357,1.0
plasma cell,SPP1,0.005118523724377155,0.0,0.00558659217877095,0.0,22.290990829467773,0.09489262361034154,0.9244001155872144,179,209,1.0
pulmonary alveolar type 1 cell,SPP1,0.0,0.006614717189222574,0.0,0.0029850746268656717,-22.66202163696289,-0.059444788978244435,0.9525978396642616,219,335,1.0
pulmonary alveolar type 2 cell,SPP1,0.0011841080849990249,0.000213750172406435,0.0047169811320754715,0.0007716049382716049,2.4704976081848145,0.15468059206411672,0.8770731311157686,848,1296,1.0
smooth muscle cell,SPP1,0.005093798507004976,0.0024593868292868137,0.004514672686230248,0.0023923444976076554,1.0523443222045898,0.06252780549466119,0.9501425196747655,443,836,1.0
vein endothelial cell,SPP1,0.04099973291158676,0.026845548301935196,0.030156815440289506,0.01854974704890388,0.621199369430542,0.4412506891009041,0.6590315204528586,829,1186,1.0
B cell,THBS1,0.02189731039106846,0.024235541000962257,0.02318840579710145,0.027247956403269755,-0.14806371927261353,-0.09515766699220778,0.9241895941951266,345,367,1.0
"CD4-positive, alpha-beta T cell",THBS1,0.03130776435136795,0.02870538830757141,0.032481490327203245,0.03176372248537197,0.12708531320095062,0.07586536635408933,0.939526211067099,4187,7178,1.0
"CD8-positive, alpha-beta T cell",THBS1,0.0357254296541214,0.03628265857696533,0.028627195836044242,0.02654867256637168,-0.022733092308044434,0.10577980711625523,0.9157570584763197,1537,2599,1.0
capillary endothelial cell,THBS1,0.03243735060095787,0.03393992781639099,0.02710843373493976,0.028402635764598956,-0.0664173886179924,-0.08568109808963469,0.9317199284029792,1992,4401,1.0
club cell,THBS1,0.16005420684814453,0.09483715146780014,0.21012658227848102,0.14925373134328357,0.8030796051025391,1.172686784115047,0.2409214331106404,395,134,0.6923321183074193
conventional dendritic cell,THBS1,0.4155054986476898,0.3455466628074646,0.2941696113074205,0.24761336515513127,0.3196442723274231,2.112325834085505,0.034658511488944596,1132,1676,0.15260925220132057
endothelial cell,THBS1,0.12778840959072113,0.06196301057934761,0.12615384615384614,0.06132879045996593,1.092511534690857,1.63353783213416,0.10235593069513442,325,587,0.34738144542271093
endothelial cell of lymphatic vessel,THBS1,0.11748386174440384,0.07420603930950165,0.11811023622047244,0.06569343065693431,0.6945709586143494,0.7154827477090947,0.47431079756075534,127,137,1.0
fibroblast,THBS1,1.1068115234375,0.916553795337677,0.46558704453441296,0.4620780359491451,0.43211227655410767,1.8289009729234973,0.06741444447274703,741,2281,0.2556131019591658
leukocyte,THBS1,0.5226966738700867,0.18811893463134766,0.43243243243243246,0.18324607329842932,1.7299352884292603,4.391066017938723,1.1279628366731728e-05,185,191,9.93335014231536e-05
lung multiciliated epithelial cell,THBS1,0.11826134473085403,0.039934191852808,0.07700892857142858,0.03510436432637571,1.6235281229019165,1.6184912073030306,0.10555678021003644,896,1054,0.35142684143097497
macrophage,THBS1,1.230270266532898,0.5853398442268372,0.8671328671328671,0.5990380411018802,1.6061735153198242,26.581186419724453,1.1202459925202756e-155,2002,2287,3.0582715595803525e-153
mast cell,THBS1,0.1778080314397812,0.06598209589719772,0.0989103101424979,0.054098360655737705,1.5124777555465698,1.995311984041244,0.046008863660959395,1193,1220,0.19625655905377992
monocyte,THBS1,0.9328135251998901,1.0655728578567505,0.4284841075794621,0.45164896590273895,-0.303422212600708,-2.189658509859133,0.02854901222545152,1636,1789,0.12989800562580442
natural killer cell,THBS1,0.04906773194670677,0.04021945968270302,0.05102040816326531,0.041908786758232085,0.29331108927726746,0.6695761645813293,0.5031280127252881,2744,5679,1.0
neutrophil,THBS1,0.04055966064333916,0.055999819189310074,0.024390243902439025,0.022408963585434174,-0.4766038954257965,0.031330645580003535,0.9750058507603845,164,357,1.0
plasma cell,THBS1,0.014915908686816692,0.03151709586381912,0.0335195530726257,0.05741626794258373,-1.0913043022155762,-0.41316883964311385,0.679482916285162,179,209,1.0
pulmonary alveolar type 1 cell,THBS1,0.11422514915466309,0.039040908217430115,0.1050228310502283,0.041791044776119404,1.6037483215332031,1.2613695633876798,0.20717572895589353,219,335,0.6271852663300052
pulmonary alveolar type 2 cell,THBS1,0.13766157627105713,0.20713497698307037,0.1804245283018868,0.2839506172839506,-0.6409987807273865,-3.9039726183414847,9.462649146841644e-05,848,1296,0.0007380866334536484
smooth muscle cell,THBS1,1.0847290754318237,0.9038623571395874,0.5214446952595937,0.5227272727272727,0.41489720344543457,1.795725386044513,0.0725382024133206,443,836,0.26403905678448697
vein endothelial cell,THBS1,0.29742130637168884,0.22008547186851501,0.25331724969843183,0.18718381112984822,0.49263328313827515,2.5373276267995912,0.011170236196220566,829,1186,0.057537254369211595
