"SNP","fg_chrom","fg_pos_b38","effect_allele.exposure","other_allele.exposure","fg_ref","fg_alt","eaf.exposure","fg_af_alt","beta.exposure","se.exposure","beta.outcome","se.outcome","wald","wald_se","palindromic","harmonise_action"
"rs114904431",1,97608510,"T","C","C","T",0.031823,0.0420774,0.2119,0.0368,-0.0139115,0.0203502,-0.0656512505899009,0.0960368098159509,FALSE,"aligned_alt=EA"
"rs11525583",12,111823834,"A","G","G","A",0.175195,0.00847686,0.1401,0.0225,-0.0548848,0.0451854,-0.391754461099215,0.322522483940043,FALSE,"aligned_alt=EA"
"rs1246642",4,88943295,"T","C","C","T",0.714509,0.679938,0.0751,0.0127,-0.00301491,0.00873629,-0.0401452729693742,0.116328761651132,FALSE,"aligned_alt=EA"
"rs1512281",4,144513749,"G","A","A","G",0.414406,0.530443,-0.0774,0.0116,0.00794375,0.00819268,-0.102632428940568,0.10584857881137,FALSE,"aligned_alt=EA"
"rs2273500",20,63355597,"C","T","T","C",0.15455,0.217267,0.0947,0.0157,0.0186418,0.00991281,0.19685110876452,0.104675923970433,FALSE,"aligned_alt=EA"
"rs2395191",6,32479308,"C","T","T","C",0.69232,0.741022,0.077,0.0126,0.0114317,0.00929018,0.148463636363636,0.120651688311688,FALSE,"aligned_alt=EA"
"rs34944514",8,11394916,"A","C","C","A",0.46706,0.550483,0.0763,0.0136,0.00914978,0.00839241,0.119918479685452,0.109992267365662,FALSE,"aligned_alt=EA"
"rs3822479",19,40878084,"T","C","C","T",0.249549,0.337155,0.2151,0.0296,2.28161e-05,0.00872893,0.000106072059507206,0.04058079962808,FALSE,"aligned_alt=EA"
"rs4488938",4,7849176,"G","A","A","G",0.174751,0.0753391,0.1045,0.0183,0.00356453,0.015447,0.0341103349282297,0.147818181818182,FALSE,"aligned_alt=EA"
"rs9788721",15,78510527,"T","C","C","T",0.660709,0.644752,-0.1548,0.012,-0.0175666,0.00852321,0.113479328165375,0.055059496124031,FALSE,"aligned_alt=EA"
